Workbook

Sheet 鉄骨鉄筋コンクリート造
A1: 鉄骨鉄筋コンクリート造
C3: 2015（基準） | G3: 令和4年2月分 | K3: 令和4年5月分 | O3: 令和4年8月分 | S3: 令和4年11月分 | W3: 令和5年2月分 | AA3: 令和5年5月分 | AE3: 令和5年8月分 | AI3: 令和5年11月分 | AM3: 令和6年2月分 | AQ3: 令和6年5月分 | AU3: 令和6年8月分 | AY3: 令和6年11月分 | BC3: 令和7年2月分 | BG3: 令和7年5月分
C4: 床面積の合計 （㎡） | D4: 工事費予定額（万円） | E4: 面積単価 （万円/㎡） | F4: 面積単価 （万円/坪） | G4: 床面積の合計 （㎡） | H4: 工事費予定額（万円） | I4: 面積単価 （万円/㎡） | J4: 面積単価 （万円/坪） | K4: 床面積の合計 （㎡） | L4: 工事費予定額（万円） | M4: 面積単価 （万円/㎡） | N4: 面積単価 （万円/坪） | O4: 床面積の合計 （㎡） | P4: 工事費予定額（万円） | Q4: 面積単価 （万円/㎡） | R4: 面積単価 （万円/坪） | S4: 床面積の合計 （㎡） | T4: 工事費予定額（万円） | U4: 面積単価 （万円/㎡） | V4: 面積単価 （万円/坪） | W4: 床面積の合計 （㎡） | X4: 工事費予定額（万円） | Y4: 面積単価 （万円/㎡） | Z4: 面積単価 （万円/坪） | AA4: 床面積の合計 （㎡） | AB4: 工事費予定額（万円） | AC4: 面積単価 （万円/㎡） | AD4: 面積単価 （万円/坪） | AE4: 床面積の合計 （㎡） | AF4: 工事費予定額（万円） | AG4: 面積単価 （万円/㎡） | AH4: 面積単価 （万円/坪） | AI4: 床面積の合計 （㎡） | AJ4: 工事費予定額（万円） | AK4: 面積単価 （万円/㎡） | AL4: 面積単価 （万円/坪） | AM4: 床面積の合計 （㎡） | AN4: 工事費予定額（万円） | AO4: 面積単価 （万円/㎡） | AP4: 面積単価 （万円/坪） | AQ4: 床面積の合計 （㎡） | AR4: 工事費予定額（万円） | AS4: 面積単価 （万円/㎡） | AT4: 面積単価 （万円/坪） | AU4: 床面積の合計 （㎡） | AV4: 工事費予定額（万円） | AW4: 面積単価 （万円/㎡） | AX4: 面積単価 （万円/坪） | AY4: 床面積の合計 （㎡） | AZ4: 工事費予定額（万円） | BA4: 面積単価 （万円/㎡） | BB4: 面積単価 （万円/坪） | BC4: 床面積の合計 （㎡） | BD4: 工事費予定額（万円） | BE4: 面積単価 （万円/㎡） | BF4: 面積単価 （万円/坪） | BG4: 床面積の合計 （㎡） | BH4: 工事費予定額（万円） | BI4: 面積単価 （万円/㎡） | BJ4: 面積単価 （万円/坪）
B5: 事務所 | C5: 376276 | D5: 14713671 | E5: =D5/C5 -> 39.1034 | F5: =E5*3.30578512 -> 129.26744 | G5: 14473 | H5: 703002 | I5: =H5/G5 -> 48.573343 | J5: =I5*3.30578512 -> 160.57304 | K5: 12930 | L5: 468976 | M5: =L5/K5 -> 36.270379 | N5: =M5*3.30578512 -> 119.90208 | O5: 2176 | P5: 33947 | Q5: =P5/O5 -> 15.600643 | R5: =Q5*3.30578512 -> 51.572375 | S5: 6950 | T5: 278981 | U5: =T5/S5 -> 40.141151 | V5: =U5*3.30578512 -> 132.69802 | W5: 15791 | X5: 679000 | Y5: =X5/W5 -> 42.999177 | Z5: =Y5*3.30578512 -> 142.14604 | AA5: 13436 | AB5: 844000 | AC5: =AB5/AA5 -> 62.816314 | AD5: =AC5*3.30578512 -> 207.65724 | AE5: 29255 | AF5: 1503500 | AG5: =AF5/AE5 -> 51.392924 | AH5: =AG5*3.30578512 -> 169.89396 | AI5: 6133 | AJ5: 385200 | AK5: =AJ5/AI5 -> 62.807761 | AL5: =AK5*3.30578512 -> 207.62896 | AM5: 0 | AN5: 0 | AO5: =AN5/AM5 -> #DIV/0! | AP5: =AO5*3.30578512 -> #DIV/0! | AQ5: 73716 | AR5: 4000000 | AS5: =AR5/AQ5 -> 54.262304 | AT5: =AS5*3.30578512 -> 179.37952 | AU5: 3487 | AV5: 213200 | AW5: =AV5/AU5 -> 61.141382 | AX5: =AW5*3.30578512 -> 202.12027 | AY5: 43887 | AZ5: 2383000 | BA5: =AZ5/AY5 -> 54.298539 | BB5: =BA5*3.30578512 -> 179.4993 | BC5: 3548 | BD5: 325057.04 | BE5: =BD5/BC5 -> 91.616978 | BF5: =BE5*3.30578512 -> 302.86604 | BG5: 1988 | BH5: 96136 | BI5: =BH5/BG5 -> 48.358149 | BJ5: =BI5*3.30578512 -> 159.86165
B6: 店舗 | C6: 47766 | D6: 1192080 | E6: =D6/C6 -> 24.956664 | F6: =E6*3.30578512 -> 82.501368 | G6: 505 | H6: 30000 | I6: =H6/G6 -> 59.405941 | J6: =I6*3.30578512 -> 196.38327 | K6: 178 | L6: 2250 | M6: =L6/K6 -> 12.640449 | N6: =M6*3.30578512 -> 41.78661 | O6: 7218 | P6: 122430 | Q6: =P6/O6 -> 16.961762 | R6: =Q6*3.30578512 -> 56.071941 | S6: 1194 | T6: 10000 | U6: =T6/S6 -> 8.3752094 | V6: =U6*3.30578512 -> 27.686643 | W6: 5739 | X6: 177000 | Y6: =X6/W6 -> 30.84161 | Z6: =Y6*3.30578512 -> 101.95574 | AA6: 0 | AB6: 0 | AC6: =AB6/AA6 -> #DIV/0! | AD6: =AC6*3.30578512 -> #DIV/0! | AE6: 309 | AF6: 30000 | AG6: =AF6/AE6 -> 97.087379 | AH6: =AG6*3.30578512 -> 320.95001 | AI6: 0 | AJ6: 0 | AK6: =AJ6/AI6 -> #DIV/0! | AL6: =AK6*3.30578512 -> #DIV/0! | AM6: 0 | AN6: 0 | AO6: =AN6/AM6 -> #DIV/0! | AP6: =AO6*3.30578512 -> #DIV/0! | AQ6: 285 | AR6: 100 | AS6: =AR6/AQ6 -> 0.35087719 | AT6: =AS6*3.30578512 -> 1.1599246 | AU6: 243 | AV6: 16057 | AW6: =AV6/AU6 -> 66.078189 | AX6: =AW6*3.30578512 -> 218.44029 | AY6: 120 | AZ6: 1650 | BA6: =AZ6/AY6 -> 13.75 | BB6: =BA6*3.30578512 -> 45.454545 | BC6: 0 | BD6: 0 | BE6: =BD6/BC6 -> #DIV/0! | BF6: =BE6*3.30578512 -> #DIV/0! | BG6: 173 | BH6: 5000 | BI6: =BH6/BG6 -> 28.901734 | BJ6: =BI6*3.30578512 -> 95.542923
B7: 工場及び作業場 | C7: 99563 | D7: 2195253 | E7: =D7/C7 -> 22.048884 | F7: =E7*3.30578512 -> 72.888871 | G7: 42149 | H7: 1962412 | I7: =H7/G7 -> 46.558922 | J7: =I7*3.30578512 -> 153.91379 | K7: 233702 | L7: 16079466 | M7: =L7/K7 -> 68.803288 | N7: =M7*3.30578512 -> 227.44889 | O7: 540 | P7: 10000 | Q7: =P7/O7 -> 18.518519 | R7: =Q7*3.30578512 -> 61.218243 | S7: 0 | T7: 0 | U7: =T7/S7 -> #DIV/0! | V7: =U7*3.30578512 -> #DIV/0! | W7: 779 | X7: 15879 | Y7: =X7/W7 -> 20.383825 | Z7: =Y7*3.30578512 -> 67.384547 | AA7: 0 | AB7: 0 | AC7: =AB7/AA7 -> #DIV/0! | AD7: =AC7*3.30578512 -> #DIV/0! | AE7: 22641 | AF7: 315800 | AG7: =AF7/AE7 -> 13.948147 | AH7: =AG7*3.30578512 -> 46.109577 | AI7: 0 | AJ7: 0 | AK7: =AJ7/AI7 -> #DIV/0! | AL7: =AK7*3.30578512 -> #DIV/0! | AM7: 10032 | AN7: 459980 | AO7: =AN7/AM7 -> 45.851276 | AP7: =AO7*3.30578512 -> 151.57447 | AQ7: 0 | AR7: 0 | AS7: =AR7/AQ7 -> #DIV/0! | AT7: =AS7*3.30578512 -> #DIV/0! | AU7: 39086 | AV7: 2340000 | AW7: =AV7/AU7 -> 59.867983 | AX7: =AW7*3.30578512 -> 197.91069 | AY7: 181 | AZ7: 6000 | BA7: =AZ7/AY7 -> 33.149171 | BB7: =BA7*3.30578512 -> 109.58404 | BC7: 0 | BD7: 0 | BE7: =BD7/BC7 -> #DIV/0! | BF7: =BE7*3.30578512 -> #DIV/0! | BG7: 1096 | BH7: 70000 | BI7: =BH7/BG7 -> 63.868613 | BJ7: =BI7*3.30578512 -> 211.13591
B8: 倉庫 | C8: 560842 | D8: 5842073 | E8: =D8/C8 -> 10.416611 | F8: =E8*3.30578512 -> 34.435078 | G8: 58534 | H8: 780080 | I8: =H8/G8 -> 13.326955 | J8: =I8*3.30578512 -> 44.05605 | K8: 485 | L8: 5600 | M8: =L8/K8 -> 11.546392 | N8: =M8*3.30578512 -> 38.16989 | O8: 73357 | P8: 1094000 | Q8: =P8/O8 -> 14.913369 | R8: =Q8*3.30578512 -> 49.300393 | S8: 25992 | T8: 350320 | U8: =T8/S8 -> 13.477993 | V8: =U8*3.30578512 -> 44.555349 | W8: 438 | X8: 4533 | Y8: =X8/W8 -> 10.349315 | Z8: =Y8*3.30578512 -> 34.212612 | AA8: 76510 | AB8: 1550000 | AC8: =AB8/AA8 -> 20.25879 | AD8: =AC8*3.30578512 -> 66.971206 | AE8: 72696 | AF8: 1100500 | AG8: =AF8/AE8 -> 15.138385 | AH8: =AG8*3.30578512 -> 50.044246 | AI8: 0 | AJ8: 0 | AK8: =AJ8/AI8 -> #DIV/0! | AL8: =AK8*3.30578512 -> #DIV/0! | AM8: 20271 | AN8: 500800 | AO8: =AN8/AM8 -> 24.705244 | AP8: =AO8*3.30578512 -> 81.670228 | AQ8: 55 | AR8: 600 | AS8: =AR8/AQ8 -> 10.909091 | AT8: =AS8*3.30578512 -> 36.06311 | AU8: 41165 | AV8: 1500630 | AW8: =AV8/AU8 -> 36.454026 | AX8: =AW8*3.30578512 -> 120.50918 | AY8: 438 | AZ8: 18000 | BA8: =AZ8/AY8 -> 41.09589 | BB8: =BA8*3.30578512 -> 135.85418 | BC8: 188 | BD8: 16950 | BE8: =BD8/BC8 -> 90.159574 | BF8: =BE8*3.30578512 -> 298.04818 | BG8: 387 | BH8: 12085 | BI8: =BH8/BG8 -> 31.22739 | BJ8: =BI8*3.30578512 -> 103.23104
B9: 学校の校舎 | C9: 266605 | D9: 8404400 | E9: =D9/C9 -> 31.52379 | F9: =E9*3.30578512 -> 104.21088 | G9: 31335 | H9: 1411293 | I9: =H9/G9 -> 45.03887 | J9: =I9*3.30578512 -> 148.88883 | K9: 7137 | L9: 235000 | M9: =L9/K9 -> 32.927 | N9: =M9*3.30578512 -> 108.84959 | O9: 9146 | P9: 400000 | Q9: =P9/O9 -> 43.734966 | R9: =Q9*3.30578512 -> 144.5784 | S9: 13024 | T9: 403300 | U9: =T9/S9 -> 30.965909 | V9: =U9*3.30578512 -> 102.36664 | W9: 3518 | X9: 225292 | Y9: =X9/W9 -> 64.039795 | Z9: =Y9*3.30578512 -> 211.7018 | AA9: 3068 | AB9: 78000 | AC9: =AB9/AA9 -> 25.423729 | AD9: =AC9*3.30578512 -> 84.045384 | AE9: 8672 | AF9: 335000 | AG9: =AF9/AE9 -> 38.630074 | AH9: =AG9*3.30578512 -> 127.70272 | AI9: 15400 | AJ9: 859050 | AK9: =AJ9/AI9 -> 55.782468 | AL9: =AK9*3.30578512 -> 184.40485 | AM9: 15055 | AN9: 410000 | AO9: =AN9/AM9 -> 27.233477 | AP9: =AO9*3.30578512 -> 90.028024 | AQ9: 34043 | AR9: 1561518 | AS9: =AR9/AQ9 -> 45.868989 | AT9: =AS9*3.30578512 -> 151.63302 | AU9: 11391 | AV9: 786964 | AW9: =AV9/AU9 -> 69.086472 | AX9: =AW9*3.30578512 -> 228.38503 | AY9: 2491 | AZ9: 100000 | BA9: =AZ9/AY9 -> 40.14452 | BB9: =BA9*3.30578512 -> 132.70916 | BC9: 0 | BD9: 0 | BE9: =BD9/BC9 -> #DIV/0! | BF9: =BE9*3.30578512 -> #DIV/0! | BG9: 16153 | BH9: 560000 | BI9: =BH9/BG9 -> 34.668483 | BJ9: =BI9*3.30578512 -> 114.60655
B10: 病院・診療所 | C10: 314681 | D10: 7514820 | E10: =D10/C10 -> 23.880755 | F10: =E10*3.30578512 -> 78.944646 | G10: 7101 | H10: 250000 | I10: =H10/G10 -> 35.206309 | J10: =I10*3.30578512 -> 116.38449 | K10: 0 | L10: 0 | M10: =L10/K10 -> #DIV/0! | N10: =M10*3.30578512 -> #DIV/0! | O10: 0 | P10: 0 | Q10: =P10/O10 -> #DIV/0! | R10: =Q10*3.30578512 -> #DIV/0! | S10: 45264 | T10: 1927700 | U10: =T10/S10 -> 42.587929 | V10: =U10*3.30578512 -> 140.78654 | W10: 0 | X10: 0 | Y10: =X10/W10 -> #DIV/0! | Z10: =Y10*3.30578512 -> #DIV/0! | AA10: 1698 | AB10: 65000 | AC10: =AB10/AA10 -> 38.28033 | AD10: =AC10*3.30578512 -> 126.54654 | AE10: 233 | AF10: 100000 | AG10: =AF10/AE10 -> 429.18455 | AH10: =AG10*3.30578512 -> 1418.7919 | AI10: 0 | AJ10: 0 | AK10: =AJ10/AI10 -> #DIV/0! | AL10: =AK10*3.30578512 -> #DIV/0! | AM10: 0 | AN10: 0 | AO10: =AN10/AM10 -> #DIV/0! | AP10: =AO10*3.30578512 -> #DIV/0! | AQ10: 0 | AR10: 0 | AS10: =AR10/AQ10 -> #DIV/0! | AT10: =AS10*3.30578512 -> #DIV/0! | AU10: 0 | AV10: 0 | AW10: =AV10/AU10 -> #DIV/0! | AX10: =AW10*3.30578512 -> #DIV/0! | AY10: 0 | AZ10: 0 | BA10: =AZ10/AY10 -> #DIV/0! | BB10: =BA10*3.30578512 -> #DIV/0! | BC10: 0 | BD10: 0 | BE10: =BD10/BC10 -> #DIV/0! | BF10: =BE10*3.30578512 -> #DIV/0! | BG10: 117 | BH10: 10000 | BI10: =BH10/BG10 -> 85.470085 | BJ10: =BI10*3.30578512 -> 282.54574
B11: その他 | C11: 507097 | D11: 17314472 | E11: =D11/C11 -> 34.1443 | F11: =E11*3.30578512 -> 112.87372 | G11: 50041 | H11: 2062198 | I11: =H11/G11 -> 41.210168 | J11: =I11*3.30578512 -> 136.23196 | K11: 8699 | L11: 257572 | M11: =L11/K11 -> 29.60938 | N11: =M11*3.30578512 -> 97.882249 | O11: 11687 | P11: 363695 | Q11: =P11/O11 -> 31.11962 | R11: =Q11*3.30578512 -> 102.87478 | S11: 29941 | T11: 1871775 | U11: =T11/S11 -> 62.515447 | V11: =U11*3.30578512 -> 206.66263 | W11: 9188 | X11: 483125 | Y11: =X11/W11 -> 52.582172 | Z11: =Y11*3.30578512 -> 173.82536 | AA11: 34727 | AB11: 1085909 | AC11: =AB11/AA11 -> 31.269876 | AD11: =AC11*3.30578512 -> 103.37149 | AE11: 4314 | AF11: 175486 | AG11: =AF11/AE11 -> 40.678257 | AH11: =AG11*3.30578512 -> 134.47358 | AI11: 12774 | AJ11: 936374 | AK11: =AJ11/AI11 -> 73.303116 | AL11: =AK11*3.30578512 -> 242.32435 | AM11: 1320 | AN11: 58144 | AO11: =AN11/AM11 -> 44.048485 | AP11: =AO11*3.30578512 -> 145.61483 | AQ11: 968 | AR11: 13963 | AS11: =AR11/AQ11 -> 14.424587 | AT11: =AS11*3.30578512 -> 47.684584 | AU11: 72472 | AV11: 7480770 | AW11: =AV11/AU11 -> 103.2229 | AX11: =AW11*3.30578512 -> 341.23273 | AY11: 125722 | AZ11: 12810713 | BA11: =AZ11/AY11 -> 101.89715 | BB11: =BA11*3.30578512 -> 336.85007 | BC11: 66242 | BD11: 4926066 | BE11: =BD11/BC11 -> 74.364693 | BF11: =BE11*3.30578512 -> 245.83369 | BG11: 11749 | BH11: 267872 | BI11: =BH11/BG11 -> 22.799557 | BJ11: =BI11*3.30578512 -> 75.370438

Sheet 鉄筋コンクリート造
A1: 鉄筋コンクリート造
C3: 2015（基準） | G3: 令和4年2月分 | K3: 令和4年5月分 | O3: 令和4年8月分 | S3: 令和4年11月分 | W3: 令和5年2月分 | AA3: 令和5年5月分 | AE3: 令和5年8月分 | AI3: 令和5年11月分 | AM3: 令和6年2月分 | AQ3: 令和6年5月分 | AU3: 令和6年8月分 | AY3: 令和6年11月分 | BC3: 令和7年2月分 | BG3: 令和7年5月分
C4: 床面積の合計 （㎡） | D4: 工事費予定額（万円） | E4: 面積単価 （万円/㎡） | F4: 面積単価 （万円/坪） | G4: 床面積の合計 （㎡） | H4: 工事費予定額（万円） | I4: 面積単価 （万円/㎡） | J4: 面積単価 （万円/坪） | K4: 床面積の合計 （㎡） | L4: 工事費予定額（万円） | M4: 面積単価 （万円/㎡） | N4: 面積単価 （万円/坪） | O4: 床面積の合計 （㎡） | P4: 工事費予定額（万円） | Q4: 面積単価 （万円/㎡） | R4: 面積単価 （万円/坪） | S4: 床面積の合計 （㎡） | T4: 工事費予定額（万円） | U4: 面積単価 （万円/㎡） | V4: 面積単価 （万円/坪） | W4: 床面積の合計 （㎡） | X4: 工事費予定額（万円） | Y4: 面積単価 （万円/㎡） | Z4: 面積単価 （万円/坪） | AA4: 床面積の合計 （㎡） | AB4: 工事費予定額（万円） | AC4: 面積単価 （万円/㎡） | AD4: 面積単価 （万円/坪） | AE4: 床面積の合計 （㎡） | AF4: 工事費予定額（万円） | AG4: 面積単価 （万円/㎡） | AH4: 面積単価 （万円/坪） | AI4: 床面積の合計 （㎡） | AJ4: 工事費予定額（万円） | AK4: 面積単価 （万円/㎡） | AL4: 面積単価 （万円/坪） | AM4: 床面積の合計 （㎡） | AN4: 工事費予定額（万円） | AO4: 面積単価 （万円/㎡） | AP4: 面積単価 （万円/坪） | AQ4: 床面積の合計 （㎡） | AR4: 工事費予定額（万円） | AS4: 面積単価 （万円/㎡） | AT4: 面積単価 （万円/坪） | AU4: 床面積の合計 （㎡） | AV4: 工事費予定額（万円） | AW4: 面積単価 （万円/㎡） | AX4: 面積単価 （万円/坪） | AY4: 床面積の合計 （㎡） | AZ4: 工事費予定額（万円） | BA4: 面積単価 （万円/㎡） | BB4: 面積単価 （万円/坪） | BC4: 床面積の合計 （㎡） | BD4: 工事費予定額（万円） | BE4: 面積単価 （万円/㎡） | BF4: 面積単価 （万円/坪） | BG4: 床面積の合計 （㎡） | BH4: 工事費予定額（万円） | BI4: 面積単価 （万円/㎡） | BJ4: 面積単価 （万円/坪）
B5: 事務所 | C5: 673470 | D5: 21399499 | E5: =D5/C5 -> 31.774985 | F5: =E5*3.30578512 -> 105.04127 | G5: 32466 | H5: 1049125 | I5: =H5/G5 -> 32.314575 | J5: =I5*3.30578512 -> 106.82504 | K5: 79603 | L5: 3510950 | M5: =L5/K5 -> 44.10575 | N5: =M5*3.30578512 -> 145.80413 | O5: 57126 | P5: 2171051 | Q5: =P5/O5 -> 38.004604 | R5: =Q5*3.30578512 -> 125.63505 | S5: 45541 | T5: 1919944 | U5: =T5/S5 -> 42.158582 | V5: =U5*3.30578512 -> 139.36721 | W5: 55883 | X5: 2392358 | Y5: =X5/W5 -> 42.810121 | Z5: =Y5*3.30578512 -> 141.52106 | AA5: 53575 | AB5: 2353715 | AC5: =AB5/AA5 -> 43.933084 | AD5: =AC5*3.30578512 -> 145.23334 | AE5: 40073 | AF5: 2134117 | AG5: =AF5/AE5 -> 53.255733 | AH5: =AG5*3.30578512 -> 176.05201 | AI5: 39643 | AJ5: 2271769 | AK5: =AJ5/AI5 -> 57.305678 | AL5: =AK5*3.30578512 -> 189.44026 | AM5: 20929 | AN5: 1282400 | AO5: =AN5/AM5 -> 61.273831 | AP5: =AO5*3.30578512 -> 202.55812 | AQ5: 35108 | AR5: 1791375 | AS5: =AR5/AQ5 -> 51.024695 | AT5: =AS5*3.30578512 -> 168.67668 | AU5: 21870 | AV5: 1267345 | AW5: =AV5/AU5 -> 57.949017 | AX5: =AW5*3.30578512 -> 191.567 | AY5: 76901 | AZ5: 5281615 | BA5: =AZ5/AY5 -> 68.680706 | BB5: =BA5*3.30578512 -> 227.04366 | BC5: 76113 | BD5: 4479190.8 | BE5: =BD5/BC5 -> 58.849221 | BF5: =BE5*3.30578512 -> 194.54288 | BG5: 47106 | BH5: 1677680.4 | BI5: =BH5/BG5 -> 35.615004 | BJ5: =BI5*3.30578512 -> 117.73555
B6: 店舗 | C6: 72357 | D6: 1758084 | E6: =D6/C6 -> 24.297359 | F6: =E6*3.30578512 -> 80.321848 | G6: 27939 | H6: 779947 | I6: =H6/G6 -> 27.916067 | J6: =I6*3.30578512 -> 92.284519 | K6: 23904 | L6: 951091 | M6: =L6/K6 -> 39.787943 | N6: =M6*3.30578512 -> 131.53039 | O6: 10431 | P6: 262239 | Q6: =P6/O6 -> 25.140351 | R6: =Q6*3.30578512 -> 83.108598 | S6: 1536 | T6: 47894 | U6: =T6/S6 -> 31.18099 | V6: =U6*3.30578512 -> 103.07765 | W6: 6306 | X6: 215418 | Y6: =X6/W6 -> 34.160799 | Z6: =Y6*3.30578512 -> 112.92826 | AA6: 5822 | AB6: 179220 | AC6: =AB6/AA6 -> 30.783236 | AD6: =AC6*3.30578512 -> 101.76276 | AE6: 8806 | AF6: 377134 | AG6: =AF6/AE6 -> 42.826936 | AH6: =AG6*3.30578512 -> 141.57665 | AI6: 1430 | AJ6: 71400 | AK6: =AJ6/AI6 -> 49.93007 | AL6: =AK6*3.30578512 -> 165.05808 | AM6: 5235 | AN6: 321235 | AO6: =AN6/AM6 -> 61.362942 | AP6: =AO6*3.30578512 -> 202.8527 | AQ6: 32529 | AR6: 864522 | AS6: =AR6/AQ6 -> 26.576962 | AT6: =AS6*3.30578512 -> 87.857726 | AU6: 1537 | AV6: 157000 | AW6: =AV6/AU6 -> 102.14704 | AX6: =AW6*3.30578512 -> 337.67616 | AY6: 4645 | AZ6: 250910 | BA6: =AZ6/AY6 -> 54.017223 | BB6: =BA6*3.30578512 -> 178.56933 | BC6: 7686 | BD6: 363662.18 | BE6: =BD6/BC6 -> 47.314881 | BF6: =BE6*3.30578512 -> 156.41283 | BG6: 12462 | BH6: 685329.05 | BI6: =BH6/BG6 -> 54.993504 | BJ6: =BI6*3.30578512 -> 181.79671
B7: 工場及び作業場 | C7: 229990 | D7: 5185075 | E7: =D7/C7 -> 22.544785 | F7: =E7*3.30578512 -> 74.528213 | G7: 10490 | H7: 93064 | I7: =H7/G7 -> 8.8716873 | J7: =I7*3.30578512 -> 29.327892 | K7: 24994 | L7: 485825 | M7: =L7/K7 -> 19.437665 | N7: =M7*3.30578512 -> 64.256744 | O7: 22450 | P7: 1435629 | Q7: =P7/O7 -> 63.94784 | R7: =Q7*3.30578512 -> 211.39782 | S7: 8420 | T7: 176370 | U7: =T7/S7 -> 20.946556 | V7: =U7*3.30578512 -> 69.244813 | W7: 107226 | X7: 2452202 | Y7: =X7/W7 -> 22.869472 | Z7: =Y7*3.30578512 -> 75.60156 | AA7: 14417 | AB7: 952900 | AC7: =AB7/AA7 -> 66.095582 | AD7: =AC7*3.30578512 -> 218.49779 | AE7: 1056 | AF7: 63500 | AG7: =AF7/AE7 -> 60.132576 | AH7: =AG7*3.30578512 -> 198.78537 | AI7: 380 | AJ7: 57440 | AK7: =AJ7/AI7 -> 151.15789 | AL7: =AK7*3.30578512 -> 499.69552 | AM7: 4600 | AN7: 115328 | AO7: =AN7/AM7 -> 25.071304 | AP7: =AO7*3.30578512 -> 82.880345 | AQ7: 6481 | AR7: 245050 | AS7: =AR7/AQ7 -> 37.810523 | AT7: =AS7*3.30578512 -> 124.99346 | AU7: 75089 | AV7: 2969080 | AW7: =AV7/AU7 -> 39.540812 | AX7: =AW7*3.30578512 -> 130.71343 | AY7: 7039 | AZ7: 190150 | BA7: =AZ7/AY7 -> 27.01378 | BB7: =BA7*3.30578512 -> 89.301753 | BC7: 11647 | BD7: 985376 | BE7: =BD7/BC7 -> 84.603417 | BF7: =BE7*3.30578512 -> 279.68072 | BG7: 6591 | BH7: 594050 | BI7: =BH7/BG7 -> 90.130481 | BJ7: =BI7*3.30578512 -> 297.952
B8: 倉庫 | C8: 1031373 | D8: 13384389 | E8: =D8/C8 -> 12.977254 | F8: =E8*3.30578512 -> 42.900012 | G8: 382289 | H8: 4603680 | I8: =H8/G8 -> 12.042408 | J8: =I8*3.30578512 -> 39.809612 | K8: 273698 | L8: 2918396 | M8: =L8/K8 -> 10.662833 | N8: =M8*3.30578512 -> 35.249034 | O8: 458673 | P8: 6841976 | Q8: =P8/O8 -> 14.916893 | R8: =Q8*3.30578512 -> 49.312042 | S8: 1171 | T8: 41750 | U8: =T8/S8 -> 35.653288 | V8: =U8*3.30578512 -> 117.86211 | W8: 226910 | X8: 3484438 | Y8: =X8/W8 -> 15.356035 | Z8: =Y8*3.30578512 -> 50.763753 | AA8: 208410 | AB8: 2703090 | AC8: =AB8/AA8 -> 12.970059 | AD8: =AC8*3.30578512 -> 42.876228 | AE8: 565298 | AF8: 9002018 | AG8: =AF8/AE8 -> 15.924376 | AH8: =AG8*3.30578512 -> 52.642566 | AI8: 428385 | AJ8: 7280600 | AK8: =AJ8/AI8 -> 16.99546 | AL8: =AK8*3.30578512 -> 56.183338 | AM8: 266570 | AN8: 6278887 | AO8: =AN8/AM8 -> 23.554365 | AP8: =AO8*3.30578512 -> 77.865668 | AQ8: 72900 | AR8: 1278061 | AS8: =AR8/AQ8 -> 17.531701 | AT8: =AS8*3.30578512 -> 57.956036 | AU8: 67268 | AV8: 1471680 | AW8: =AV8/AU8 -> 21.877862 | AX8: =AW8*3.30578512 -> 72.32351 | AY8: 98948 | AZ8: 2231733 | BA8: =AZ8/AY8 -> 22.554604 | BB8: =BA8*3.30578512 -> 74.560676 | BC8: 526019 | BD8: 10420454 | BE8: =BD8/BC8 -> 19.810034 | BF8: =BE8*3.30578512 -> 65.487716 | BG8: 701489 | BH8: 17963969 | BI8: =BH8/BG8 -> 25.608341 | BJ8: =BI8*3.30578512 -> 84.655672
B9: 学校の校舎 | C9: 1835193 | D9: 50330867 | E9: =D9/C9 -> 27.425381 | F9: =E9*3.30578512 -> 90.662416 | G9: 51890 | H9: 1774216 | I9: =H9/G9 -> 34.191867 | J9: =I9*3.30578512 -> 113.03097 | K9: 116271 | L9: 3203689 | M9: =L9/K9 -> 27.553638 | N9: =M9*3.30578512 -> 91.086405 | O9: 173181 | P9: 6427432 | Q9: =P9/O9 -> 37.113956 | R9: =Q9*3.30578512 -> 122.69076 | S9: 88166 | T9: 2508835 | U9: =T9/S9 -> 28.455811 | V9: =U9*3.30578512 -> 94.068795 | W9: 62683 | X9: 2232198 | Y9: =X9/W9 -> 35.610899 | Z9: =Y9*3.30578512 -> 117.72198 | AA9: 85769 | AB9: 3909924 | AC9: =AB9/AA9 -> 45.586681 | AD9: =AC9*3.30578512 -> 150.69977 | AE9: 90258 | AF9: 3745219 | AG9: =AF9/AE9 -> 41.494593 | AH9: =AG9*3.30578512 -> 137.17221 | AI9: 34086 | AJ9: 1288005 | AK9: =AJ9/AI9 -> 37.786921 | AL9: =AK9*3.30578512 -> 124.91544 | AM9: 32190 | AN9: 1072003 | AO9: =AN9/AM9 -> 33.302361 | AP9: =AO9*3.30578512 -> 110.09045 | AQ9: 40077 | AR9: 1483873 | AS9: =AR9/AQ9 -> 37.025551 | AT9: =AS9*3.30578512 -> 122.39851 | AU9: 78959 | AV9: 3358800 | AW9: =AV9/AU9 -> 42.538533 | AX9: =AW9*3.30578512 -> 140.62325 | AY9: 61695 | AZ9: 3184395 | BA9: =AZ9/AY9 -> 51.615123 | BB9: =BA9*3.30578512 -> 170.6285 | BC9: 46855 | BD9: 2164665.5 | BE9: =BD9/BC9 -> 46.199242 | BF9: =BE9*3.30578512 -> 152.72477 | BG9: 36837 | BH9: 1676479.1 | BI9: =BH9/BG9 -> 45.510738 | BJ9: =BI9*3.30578512 -> 150.44872
B10: 病院・診療所 | C10: 1024242 | D10: 29249650 | E10: =D10/C10 -> 28.557362 | F10: =E10*3.30578512 -> 94.404504 | G10: 37579 | H10: 1256192 | I10: =H10/G10 -> 33.428032 | J10: =I10*3.30578512 -> 110.50589 | K10: 35646 | L10: 942009 | M10: =L10/K10 -> 26.42678 | N10: =M10*3.30578512 -> 87.361256 | O10: 30421 | P10: 1316334 | Q10: =P10/O10 -> 43.27057 | R10: =Q10*3.30578512 -> 143.04321 | S10: 51002 | T10: 1899726 | U10: =T10/S10 -> 37.248069 | V10: =U10*3.30578512 -> 123.13411 | W10: 53670 | X10: 2730012 | Y10: =X10/W10 -> 50.866629 | Z10: =Y10*3.30578512 -> 168.15415 | AA10: 131908 | AB10: 5493250 | AC10: =AB10/AA10 -> 41.644555 | AD10: =AC10*3.30578512 -> 137.66795 | AE10: 15684 | AF10: 747019 | AG10: =AF10/AE10 -> 47.629368 | AH10: =AG10*3.30578512 -> 157.45245 | AI10: 31814 | AJ10: 1390287 | AK10: =AJ10/AI10 -> 43.700478 | AL10: =AK10*3.30578512 -> 144.46439 | AM10: 4911 | AN10: 252510 | AO10: =AN10/AM10 -> 51.417227 | AP10: =AO10*3.30578512 -> 169.9743 | AQ10: 33521 | AR10: 1394000 | AS10: =AR10/AQ10 -> 41.585872 | AT10: =AS10*3.30578512 -> 137.47396 | AU10: 42760 | AV10: 2069660 | AW10: =AV10/AU10 -> 48.401777 | AX10: =AW10*3.30578512 -> 160.00588 | AY10: 56004 | AZ10: 1992480 | BA10: =AZ10/AY10 -> 35.577459 | BB10: =BA10*3.30578512 -> 117.61143 | BC10: 16968 | BD10: 834225.11 | BE10: =BD10/BC10 -> 49.164611 | BF10: =BE10*3.30578512 -> 162.52764 | BG10: 16780 | BH10: 973237.34 | BI10: =BH10/BG10 -> 57.999842 | BJ10: =BI10*3.30578512 -> 191.73501
B11: その他 | C11: 2863587 | D11: 79499077 | E11: =D11/C11 -> 27.762061 | F11: =E11*3.30578512 -> 91.775408 | G11: 145387 | H11: 8433486 | I11: =H11/G11 -> 58.007153 | J11: =I11*3.30578512 -> 191.75918 | K11: 139166 | L11: 4777887 | M11: =L11/K11 -> 34.332287 | N11: =M11*3.30578512 -> 113.49516 | O11: 108312 | P11: 4182521 | Q11: =P11/O11 -> 38.61549 | R11: =Q11*3.30578512 -> 127.65451 | S11: 196902 | T11: 9093172 | U11: =T11/S11 -> 46.181207 | V11: =U11*3.30578512 -> 152.66515 | W11: 124745 | X11: 5453712 | Y11: =X11/W11 -> 43.718883 | Z11: =Y11*3.30578512 -> 144.52523 | AA11: 162589 | AB11: 6832117 | AC11: =AB11/AA11 -> 42.020782 | AD11: =AC11*3.30578512 -> 138.91168 | AE11: 164354 | AF11: 8016236 | AG11: =AF11/AE11 -> 48.774207 | AH11: =AG11*3.30578512 -> 161.23705 | AI11: 155119 | AJ11: 6724494 | AK11: =AJ11/AI11 -> 43.35055 | AL11: =AK11*3.30578512 -> 143.3076 | AM11: 157352 | AN11: 8032040 | AO11: =AN11/AM11 -> 51.045046 | AP11: =AO11*3.30578512 -> 168.74395 | AQ11: 148141 | AR11: 7330161 | AS11: =AR11/AQ11 -> 49.480974 | AT11: =AS11*3.30578512 -> 163.57347 | AU11: 224207 | AV11: 13715335 | AW11: =AV11/AU11 -> 61.172644 | AX11: =AW11*3.30578512 -> 202.22362 | AY11: 129124 | AZ11: 6513811 | BA11: =AZ11/AY11 -> 50.446168 | BB11: =BA11*3.30578512 -> 166.76419 | BC11: 123812 | BD11: 6408679 | BE11: =BD11/BC11 -> 51.761372 | BF11: =BE11*3.30578512 -> 171.11197 | BG11: 149719 | BH11: 6668545.9 | BI11: =BH11/BG11 -> 44.540411 | BJ11: =BI11*3.30578512 -> 147.24103

Sheet 鉄骨造
A1: 鉄骨造
C3: 2015（基準） | G3: 令和4年1月分 | K3: 令和4年2月分 | O3: 令和4年3月分 | S3: 令和4年4月分 | W3: 令和4年5月分 | AA3: 令和4年6月分 | AE3: 令和4年7月分 | AI3: 令和4年8月分 | AM3: 令和4年9月分 | AQ3: 令和4年10月分 | AU3: 令和4年11月分 | AY3: 令和4年12月分 | BC3: 令和5年1月分 | BG3: 令和5年2月分 | BK3: 令和5年3月分 | BO3: 令和5年4月分 | BS3: 令和5年5月分 | BW3: 令和5年6月分 | CA3: 令和5年7月分 | CE3: 令和5年8月分 | CI3: 令和5年9月分 | CM3: 令和5年10月分 | CQ3: 令和5年11月分 | CU3: 令和5年12月分 | CY3: 令和6年1月分 | DC3: 令和6年2月分 | DG3: 令和6年3月分 | DK3: 令和6年4月分 | DO3: 令和6年5月分 | DS3: 令和6年6月分 | DW3: 令和6年7月分 | EA3: 令和6年8月分 | EE3: 令和6年9月分 | EI3: 令和6年10月分 | EM3: 令和6年11月分 | EQ3: 令和6年12月分 | EU3: 令和7年1月分 | EY3: 令和7年2月分 | FC3: 令和7年3月分 | FG3: 令和7年4月分 | FK3: 令和7年5月分 | FO3: 令和7年6月分 | FS3: 令和7年7月分 | FW3: 令和7年8月分
C4: 床面積の合計 （㎡） | D4: 工事費予定額（万円） | E4: 面積単価 （万円/㎡） | F4: 面積単価 （万円/坪） | G4: 床面積の合計 （㎡） | H4: 工事費予定額（万円） | I4: 面積単価 （万円/㎡） | J4: 面積単価 （万円/坪） | K4: 床面積の合計 （㎡） | L4: 工事費予定額（万円） | M4: 面積単価 （万円/㎡） | N4: 面積単価 （万円/坪） | O4: 床面積の合計 （㎡） | P4: 工事費予定額（万円） | Q4: 面積単価 （万円/㎡） | R4: 面積単価 （万円/坪） | S4: 床面積の合計 （㎡） | T4: 工事費予定額（万円） | U4: 面積単価 （万円/㎡） | V4: 面積単価 （万円/坪） | W4: 床面積の合計 （㎡） | X4: 工事費予定額（万円） | Y4: 面積単価 （万円/㎡） | Z4: 面積単価 （万円/坪） | AA4: 床面積の合計 （㎡） | AB4: 工事費予定額（万円） | AC4: 面積単価 （万円/㎡） | AD4: 面積単価 （万円/坪） | AE4: 床面積の合計 （㎡） | AF4: 工事費予定額（万円） | AG4: 面積単価 （万円/㎡） | AH4: 面積単価 （万円/坪） | AI4: 床面積の合計 （㎡） | AJ4: 工事費予定額（万円） | AK4: 面積単価 （万円/㎡） | AL4: 面積単価 （万円/坪） | AM4: 床面積の合計 （㎡） | AN4: 工事費予定額（万円） | AO4: 面積単価 （万円/㎡） | AP4: 面積単価 （万円/坪） | AQ4: 床面積の合計 （㎡） | AR4: 工事費予定額（万円） | AS4: 面積単価 （万円/㎡） | AT4: 面積単価 （万円/坪） | AU4: 床面積の合計 （㎡） | AV4: 工事費予定額（万円） | AW4: 面積単価 （万円/㎡） | AX4: 面積単価 （万円/坪） | AY4: 床面積の合計 （㎡） | AZ4: 工事費予定額（万円） | BA4: 面積単価 （万円/㎡） | BB4: 面積単価 （万円/坪） | BC4: 床面積の合計 （㎡） | BD4: 工事費予定額（万円） | BE4: 面積単価 （万円/㎡） | BF4: 面積単価 （万円/坪） | BG4: 床面積の合計 （㎡） | BH4: 工事費予定額（万円） | BI4: 面積単価 （万円/㎡） | BJ4: 面積単価 （万円/坪） | BK4: 床面積の合計 （㎡） | BL4: 工事費予定額（万円） | BM4: 面積単価 （万円/㎡） | BN4: 面積単価 （万円/坪） | BO4: 床面積の合計 （㎡） | BP4: 工事費予定額（万円） | BQ4: 面積単価 （万円/㎡） | BR4: 面積単価 （万円/坪） | BS4: 床面積の合計 （㎡） | BT4: 工事費予定額（万円） | BU4: 面積単価 （万円/㎡） | BV4: 面積単価 （万円/坪） | BW4: 床面積の合計 （㎡） | BX4: 工事費予定額（万円） | BY4: 面積単価 （万円/㎡） | BZ4: 面積単価 （万円/坪） | CA4: 床面積の合計 （㎡） | CB4: 工事費予定額（万円） | CC4: 面積単価 （万円/㎡） | CD4: 面積単価 （万円/坪） | CE4: 床面積の合計 （㎡） | CF4: 工事費予定額（万円） | CG4: 面積単価 （万円/㎡） | CH4: 面積単価 （万円/坪） | CI4: 床面積の合計 （㎡） | CJ4: 工事費予定額（万円） | CK4: 面積単価 （万円/㎡） | CL4: 面積単価 （万円/坪） | CM4: 床面積の合計 （㎡） | CN4: 工事費予定額（万円） | CO4: 面積単価 （万円/㎡） | CP4: 面積単価 （万円/坪） | CQ4: 床面積の合計 （㎡） | CR4: 工事費予定額（万円） | CS4: 面積単価 （万円/㎡） | CT4: 面積単価 （万円/坪） | CU4: 床面積の合計 （㎡） | CV4: 工事費予定額（万円） | CW4: 面積単価 （万円/㎡） | CX4: 面積単価 （万円/坪） | CY4: 床面積の合計 （㎡） | CZ4: 工事費予定額（万円） | DA4: 面積単価 （万円/㎡） | DB4: 面積単価 （万円/坪） | DC4: 床面積の合計 （㎡） | DD4: 工事費予定額（万円） | DE4: 面積単価 （万円/㎡） | DF4: 面積単価 （万円/坪） | DG4: 床面積の合計 （㎡） | DH4: 工事費予定額（万円） | DI4: 面積単価 （万円/㎡） | DJ4: 面積単価 （万円/坪） | DK4: 床面積の合計 （㎡） | DL4: 工事費予定額（万円） | DM4: 面積単価 （万円/㎡） | DN4: 面積単価 （万円/坪） | DO4: 床面積の合計 （㎡） | DP4: 工事費予定額（万円） | DQ4: 面積単価 （万円/㎡） | DR4: 面積単価 （万円/坪） | DS4: 床面積の合計 （㎡） | DT4: 工事費予定額（万円） | DU4: 面積単価 （万円/㎡） | DV4: 面積単価 （万円/坪） | DW4: 床面積の合計 （㎡） | DX4: 工事費予定額（万円） | DY4: 面積単価 （万円/㎡） | DZ4: 面積単価 （万円/坪） | EA4: 床面積の合計 （㎡） | EB4: 工事費予定額（万円） | EC4: 面積単価 （万円/㎡） | ED4: 面積単価 （万円/坪） | EE4: 床面積の合計 （㎡） | EF4: 工事費予定額（万円） | EG4: 面積単価 （万円/㎡） | EH4: 面積単価 （万円/坪） | EI4: 床面積の合計 （㎡） | EJ4: 工事費予定額（万円） | EK4: 面積単価 （万円/㎡） | EL4: 面積単価 （万円/坪） | EM4: 床面積の合計 （㎡） | EN4: 工事費予定額（万円） | EO4: 面積単価 （万円/㎡） | EP4: 面積単価 （万円/坪） | EQ4: 床面積の合計 （㎡） | ER4: 工事費予定額（万円） | ES4: 面積単価 （万円/㎡） | ET4: 面積単価 （万円/坪） | EU4: 床面積の合計 （㎡） | EV4: 工事費予定額（万円） | EW4: 面積単価 （万円/㎡） | EX4: 面積単価 （万円/坪） | EY4: 床面積の合計 （㎡） | EZ4: 工事費予定額（万円） | FA4: 面積単価 （万円/㎡） | FB4: 面積単価 （万円/坪） | FC4: 床面積の合計 （㎡） | FD4: 工事費予定額（万円） | FE4: 面積単価 （万円/㎡） | FF4: 面積単価 （万円/坪） | FG4: 床面積の合計 （㎡） | FH4: 工事費予定額（万円） | FI4: 面積単価 （万円/㎡） | FJ4: 面積単価 （万円/坪） | FK4: 床面積の合計 （㎡） | FL4: 工事費予定額（万円） | FM4: 面積単価 （万円/㎡） | FN4: 面積単価 （万円/坪） | FO4: 床面積の合計 （㎡） | FP4: 工事費予定額（万円） | FQ4: 面積単価 （万円/㎡） | FR4: 面積単価 （万円/坪） | FS4: 床面積の合計 （㎡） | FT4: 工事費予定額（万円） | FU4: 面積単価 （万円/㎡） | FV4: 面積単価 （万円/坪） | FW4: 床面積の合計 （㎡） | FX4: 工事費予定額（万円） | FY4: 面積単価 （万円/㎡） | FZ4: 面積単価 （万円/坪）
B5: 事務所 | C5: 4986837 | D5: 138290050 | E5: =D5/C5 -> 27.731015 | F5: =E5*3.30578512 -> 91.672776 | G5: 304427 | H5: 9964888 | I5: =H5/G5 -> 32.73326 | J5: =I5*3.30578512 -> 108.20912 | K5: 234568 | L5: 7178890 | M5: =L5/K5 -> 30.604729 | N5: =M5*3.30578512 -> 101.17266 | O5: 326568 | P5: 8655630 | Q5: =P5/O5 -> 26.504832 | R5: =Q5*3.30578512 -> 87.619279 | S5: 372268 | T5: 11180130 | U5: =T5/S5 -> 30.032477 | V5: =U5*3.30578512 -> 99.280914 | W5: 251106 | X5: 9823521 | Y5: =X5/W5 -> 39.121013 | Z5: =Y5*3.30578512 -> 129.32566 | AA5: 384784 | AB5: 13228464 | AC5: =AB5/AA5 -> 34.378935 | AD5: =AC5*3.30578512 -> 113.64937 | AE5: 438227 | AF5: 19316127 | AG5: =AF5/AE5 -> 44.077903 | AH5: =AG5*3.30578512 -> 145.71207 | AI5: 288928 | AJ5: 8129108 | AK5: =AJ5/AI5 -> 28.135411 | AL5: =AK5*3.30578512 -> 93.009623 | AM5: 416123 | AN5: 18487312 | AO5: =AN5/AM5 -> 44.427518 | AP5: =AO5*3.30578512 -> 146.86783 | AQ5: 335080 | AR5: 11983171 | AS5: =AR5/AQ5 -> 35.762119 | AT5: =AS5*3.30578512 -> 118.22188 | AU5: 396639 | AV5: 14275145 | AW5: =AV5/AU5 -> 35.990271 | AX5: =AW5*3.30578512 -> 118.9761 | AY5: 243333 | AZ5: 11055431 | BA5: =AZ5/AY5 -> 45.43334 | BB5: =BA5*3.30578512 -> 150.19286 | BC5: 265880 | BD5: 9030358 | BE5: =BD5/BC5 -> 33.964036 | BF5: =BE5*3.30578512 -> 112.27781 | BG5: 252616 | BH5: 8814267 | BI5: =BH5/BG5 -> 34.891959 | BJ5: =BI5*3.30578512 -> 115.34532 | BK5: 262835 | BL5: 9011710 | BM5: =BL5/BK5 -> 34.286568 | BN5: =BM5*3.30578512 -> 113.34403 | BO5: 375752 | BP5: 13476755 | BQ5: =BP5/BO5 -> 35.86609 | BR5: =BQ5*3.30578512 -> 118.56559 | BS5: 265069 | BT5: 9528771 | BU5: =BT5/BS5 -> 35.948266 | BV5: =BU5*3.30578512 -> 118.83724 | BW5: 283220 | BX5: 10474266 | BY5: =BX5/BW5 -> 36.982791 | BZ5: =BY5*3.30578512 -> 122.25716 | CA5: 371653 | CB5: 17028276 | CC5: =CB5/CA5 -> 45.817674 | CD5: =CC5*3.30578512 -> 151.46338 | CE5: 177442 | CF5: 6836406 | CG5: =CF5/CE5 -> 38.527553 | CH5: =CG5*3.30578512 -> 127.36381 | CI5: 264665 | CJ5: 10186205 | CK5: =CJ5/CI5 -> 38.487163 | CL5: =CK5*3.30578512 -> 127.23029 | CM5: 301774 | CN5: 11024756 | CO5: =CN5/CM5 -> 36.533154 | CP5: =CO5*3.30578512 -> 120.77076 | CQ5: 293557 | CR5: 10566113 | CS5: =CR5/CQ5 -> 35.993395 | CT5: =CS5*3.30578512 -> 118.98643 | CU5: 772017 | CV5: 49470449 | CW5: =CV5/CU5 -> 64.079481 | CX5: =CW5*3.30578512 -> 211.833 | CY5: 696891 | CZ5: 28702203 | DA5: =CZ5/CY5 -> 41.186072 | DB5: =DA5*3.30578512 -> 136.1523 | DC5: 294618 | DD5: 12178890 | DE5: =DD5/DC5 -> 41.337902 | DF5: =DE5*3.30578512 -> 136.65422 | DG5: 609659 | DH5: 25614822 | DI5: =DH5/DG5 -> 42.014999 | DJ5: =DI5*3.30578512 -> 138.89256 | DK5: 346102 | DL5: 15827781 | DM5: =DL5/DK5 -> 45.73155 | DN5: =DM5*3.30578512 -> 151.17868 | DO5: 350082 | DP5: 8443971 | DQ5: =DP5/DO5 -> 24.11998 | DR5: =DQ5*3.30578512 -> 79.735473 | DS5: 265989 | DT5: 12465579 | DU5: =DT5/DS5 -> 46.865017 | DV5: =DU5*3.30578512 -> 154.92568 | DW5: 628940 | DX5: 25489877 | DY5: =DX5/DW5 -> 40.528313 | DZ5: =DY5*3.30578512 -> 133.97789 | EA5: 166485 | EB5: 7412704 | EC5: =EB5/EA5 -> 44.524756 | ED5: =EC5*3.30578512 -> 147.18928 | EE5: 274097 | EF5: 11321662 | EG5: =EF5/EE5 -> 41.305312 | EH5: =EG5*3.30578512 -> 136.54648 | EI5: 254290 | EJ5: 10139886 | EK5: =EJ5/EI5 -> 39.875284 | EL5: =EK5*3.30578512 -> 131.81912 | EM5: 170842 | EN5: 6032659 | EO5: =EN5/EM5 -> 35.311334 | EP5: =EO5*3.30578512 -> 116.73168 | EQ5: 206504 | ER5: 8393466 | ES5: =ER5/EQ5 -> 40.645537 | ET5: =ES5*3.30578512 -> 134.36541 | EU5: 266043 | EV5: 12105799 | EW5: =EV5/EU5 -> 45.503167 | EX5: =EW5*3.30578512 -> 150.42369 | EY5: 186444 | EZ5: 6580223.6 | FA5: =EZ5/EY5 -> 35.293298 | FB5: =FA5*3.30578512 -> 116.67206 | FC5: 539369 | FD5: 38448948 | FE5: =FD5/FC5 -> 71.285054 | FF5: =FE5*3.30578512 -> 235.65307 | FG5: 331956 | FH5: 16259901 | FI5: =FH5/FG5 -> 48.982097 | FJ5: =FI5*3.30578512 -> 161.92429 | FK5: 266452 | FL5: 13057560 | FM5: =FL5/FK5 -> 49.0053 | FN5: =FM5*3.30578512 -> 162.00099 | FQ5: =FP5/FO5 -> #DIV/0! | FR5: =FQ5*3.30578512 -> #DIV/0! | FU5: =FT5/FS5 -> #DIV/0! | FV5: =FU5*3.30578512 -> #DIV/0! | FY5: =FX5/FW5 -> #DIV/0! | FZ5: =FY5*3.30578512 -> #DIV/0!
B6: 店舗 | C6: 5648530 | D6: 91415609 | E6: =D6/C6 -> 16.183965 | F6: =E6*3.30578512 -> 53.500709 | G6: 235062 | H6: 4409546 | I6: =H6/G6 -> 18.759076 | J6: =I6*3.30578512 -> 62.013475 | K6: 340618 | L6: 5562274 | M6: =L6/K6 -> 16.329947 | N6: =M6*3.30578512 -> 53.983297 | O6: 285237 | P6: 4767054 | Q6: =P6/O6 -> 16.712607 | R6: =Q6*3.30578512 -> 55.248289 | S6: 376830 | T6: 6137473 | U6: =T6/S6 -> 16.287114 | V6: =U6*3.30578512 -> 53.841698 | W6: 293027 | X6: 4772590 | Y6: =X6/W6 -> 16.287202 | Z6: =Y6*3.30578512 -> 53.841991 | AA6: 364727 | AB6: 6242425 | AC6: =AB6/AA6 -> 17.115336 | AD6: =AC6*3.30578512 -> 56.579622 | AE6: 409659 | AF6: 6185950 | AG6: =AF6/AE6 -> 15.100242 | AH6: =AG6*3.30578512 -> 49.918155 | AI6: 259968 | AJ6: 4368510 | AK6: =AJ6/AI6 -> 16.80403 | AL6: =AK6*3.30578512 -> 55.550511 | AM6: 283028 | AN6: 4752291 | AO6: =AN6/AM6 -> 16.790886 | AP6: =AO6*3.30578512 -> 55.507062 | AQ6: 297073 | AR6: 5803999 | AS6: =AR6/AQ6 -> 19.537282 | AT6: =AS6*3.30578512 -> 64.586056 | AU6: 297961 | AV6: 6201695 | AW6: =AV6/AU6 -> 20.813781 | AX6: =AW6*3.30578512 -> 68.805888 | AY6: 336799 | AZ6: 7061378 | BA6: =AZ6/AY6 -> 20.966149 | BB6: =BA6*3.30578512 -> 69.309583 | BC6: 349495 | BD6: 6533442 | BE6: =BD6/BC6 -> 18.69395 | BF6: =BE6*3.30578512 -> 61.798181 | BG6: 299766 | BH6: 9026374 | BI6: =BH6/BG6 -> 30.1114 | BJ6: =BI6*3.30578512 -> 99.541819 | BK6: 265050 | BL6: 4385844 | BM6: =BL6/BK6 -> 16.547233 | BN6: =BM6*3.30578512 -> 54.701595 | BO6: 301640 | BP6: 5766701 | BQ6: =BP6/BO6 -> 19.117826 | BR6: =BQ6*3.30578512 -> 63.199424 | BS6: 273555 | BT6: 5429301 | BU6: =BT6/BS6 -> 19.847201 | BV6: =BU6*3.30578512 -> 65.610581 | BW6: 242463 | BX6: 5250744 | BY6: =BX6/BW6 -> 21.655857 | BZ6: =BY6*3.30578512 -> 71.589609 | CA6: 260084 | CB6: 4704308 | CC6: =CB6/CA6 -> 18.087649 | CD6: =CC6*3.30578512 -> 59.79388 | CE6: 293055 | CF6: 5122568 | CG6: =CF6/CE6 -> 17.479886 | CH6: =CG6*3.30578512 -> 57.784747 | CI6: 319914 | CJ6: 5949907 | CK6: =CJ6/CI6 -> 18.598458 | CL6: =CK6*3.30578512 -> 61.482505 | CM6: 373898 | CN6: 6937033 | CO6: =CN6/CM6 -> 18.553277 | CP6: =CO6*3.30578512 -> 61.333146 | CQ6: 259485 | CR6: 5528798 | CS6: =CR6/CQ6 -> 21.306812 | CT6: =CS6*3.30578512 -> 70.435741 | CU6: 271390 | CV6: 5482636 | CW6: =CV6/CU6 -> 20.202056 | CX6: =CW6*3.30578512 -> 66.783656 | CY6: 251489 | CZ6: 5666683 | DA6: =CZ6/CY6 -> 22.532528 | DB6: =DA6*3.30578512 -> 74.487697 | DC6: 183913 | DD6: 3718826 | DE6: =DD6/DC6 -> 20.220572 | DF6: =DE6*3.30578512 -> 66.844865 | DG6: 251143 | DH6: 5111682 | DI6: =DH6/DG6 -> 20.353671 | DJ6: =DI6*3.30578512 -> 67.284863 | DK6: 508490 | DL6: 14852741 | DM6: =DL6/DK6 -> 29.209505 | DN6: =DM6*3.30578512 -> 96.560346 | DO6: 254162 | DP6: 5601602 | DQ6: =DP6/DO6 -> 22.039494 | DR6: =DQ6*3.30578512 -> 72.857833 | DS6: 258448 | DT6: 5469074 | DU6: =DT6/DS6 -> 21.161216 | DV6: =DU6*3.30578512 -> 69.954434 | DW6: 305800 | DX6: 5297357 | DY6: =DX6/DW6 -> 17.322946 | DZ6: =DY6*3.30578512 -> 57.265938 | EA6: 331828 | EB6: 7277925 | EC6: =EB6/EA6 -> 21.932824 | ED6: =EC6*3.30578512 -> 72.505202 | EE6: 251692 | EF6: 5649538 | EG6: =EF6/EE6 -> 22.446236 | EH6: =EG6*3.30578512 -> 74.202433 | EI6: 210277 | EJ6: 5070897 | EK6: =EJ6/EI6 -> 24.115319 | EL6: =EK6*3.30578512 -> 79.720064 | EM6: 232139 | EN6: 5033326 | EO6: =EN6/EM6 -> 21.68238 | EP6: =EO6*3.30578512 -> 71.677289 | EQ6: 288301 | ER6: 5920779 | ES6: =ER6/EQ6 -> 20.536797 | ET6: =ES6*3.30578512 -> 67.890237 | EU6: 268000 | EV6: 7319344.1 | EW6: =EV6/EU6 -> 27.310986 | EX6: =EW6*3.30578512 -> 90.28425 | EY6: 182826 | EZ6: 4543917.8 | FA6: =EZ6/EY6 -> 24.853783 | FB6: =FA6*3.30578512 -> 82.161267 | FC6: 315483 | FD6: 10934838 | FE6: =FD6/FC6 -> 34.660624 | FF6: =FE6*3.30578512 -> 114.58058 | FG6: 360430 | FH6: 12264372 | FI6: =FH6/FG6 -> 34.027058 | FJ6: =FI6*3.30578512 -> 112.48614 | FK6: 351659 | FL6: 7324507.7 | FM6: =FL6/FK6 -> 20.828438 | FN6: =FM6*3.30578512 -> 68.854341 | FQ6: =FP6/FO6 -> #DIV/0! | FR6: =FQ6*3.30578512 -> #DIV/0! | FU6: =FT6/FS6 -> #DIV/0! | FV6: =FU6*3.30578512 -> #DIV/0! | FY6: =FX6/FW6 -> #DIV/0! | FZ6: =FY6*3.30578512 -> #DIV/0!
B7: 工場及び作業場 | C7: 8378701 | D7: 151709668 | E7: =D7/C7 -> 18.106586 | F7: =E7*3.30578512 -> 59.856482 | G7: 461179 | H7: 11699628 | I7: =H7/G7 -> 25.368952 | J7: =I7*3.30578512 -> 83.864305 | K7: 576152 | L7: 14477709 | M7: =L7/K7 -> 25.12828 | N7: =M7*3.30578512 -> 83.068695 | O7: 634383 | P7: 13578836 | Q7: =P7/O7 -> 21.404792 | R7: =Q7*3.30578512 -> 70.759642 | S7: 929291 | T7: 25142992 | U7: =T7/S7 -> 27.056102 | V7: =U7*3.30578512 -> 89.441659 | W7: 624765 | X7: 12090194 | Y7: =X7/W7 -> 19.351587 | Z7: =Y7*3.30578512 -> 63.972187 | AA7: 896466 | AB7: 21601128 | AC7: =AB7/AA7 -> 24.09587 | AD7: =AC7*3.30578512 -> 79.655768 | AE7: 674375 | AF7: 12666144 | AG7: =AF7/AE7 -> 18.782049 | AH7: =AG7*3.30578512 -> 62.089417 | AI7: 693613 | AJ7: 18737249 | AK7: =AJ7/AI7 -> 27.013982 | AL7: =AK7*3.30578512 -> 89.302419 | AM7: 543075 | AN7: 15759087 | AO7: =AN7/AM7 -> 29.018252 | AP7: =AO7*3.30578512 -> 95.928104 | AQ7: 705775 | AR7: 19656272 | AS7: =AR7/AQ7 -> 27.850621 | AT7: =AS7*3.30578512 -> 92.068168 | AU7: 575926 | AV7: 14206123 | AW7: =AV7/AU7 -> 24.666577 | AX7: =AW7*3.30578512 -> 81.542403 | AY7: 663086 | AZ7: 18570676 | BA7: =AZ7/AY7 -> 28.006437 | BB7: =BA7*3.30578512 -> 92.583261 | BC7: 518150 | BD7: 13016740 | BE7: =BD7/BC7 -> 25.121567 | BF7: =BE7*3.30578512 -> 83.046503 | BG7: 538992 | BH7: 13018503 | BI7: =BH7/BG7 -> 24.153425 | BJ7: =BI7*3.30578512 -> 79.846034 | BK7: 531918 | BL7: 15139970 | BM7: =BL7/BK7 -> 28.462977 | BN7: =BM7*3.30578512 -> 94.092487 | BO7: 869886 | BP7: 25825737 | BQ7: =BP7/BO7 -> 29.688645 | BR7: =BQ7*3.30578512 -> 98.144282 | BS7: 435893 | BT7: 11764341 | BU7: =BT7/BS7 -> 26.989057 | BV7: =BU7*3.30578512 -> 89.220023 | BW7: 527697 | BX7: 18187780 | BY7: =BX7/BW7 -> 34.466332 | BZ7: =BY7*3.30578512 -> 113.93829 | CA7: 509297 | CB7: 15393273 | CC7: =CB7/CA7 -> 30.224551 | CD7: =CC7*3.30578512 -> 99.91587 | CE7: 361341 | CF7: 9577597 | CG7: =CF7/CE7 -> 26.505702 | CH7: =CG7*3.30578512 -> 87.622156 | CI7: 769521 | CJ7: 36413143 | CK7: =CJ7/CI7 -> 47.319232 | CL7: =CK7*3.30578512 -> 156.42721 | CM7: 522592 | CN7: 20713834 | CO7: =CN7/CM7 -> 39.636722 | CP7: =CO7*3.30578512 -> 131.03049 | CQ7: 629812 | CR7: 24095807 | CS7: =CR7/CQ7 -> 38.25873 | CT7: =CS7*3.30578512 -> 126.47514 | CU7: 530454 | CV7: 15670166 | CW7: =CV7/CU7 -> 29.541046 | CX7: =CW7*3.30578512 -> 97.65635 | CY7: 704081 | CZ7: 25256331 | DA7: =CZ7/CY7 -> 35.871343 | DB7: =DA7*3.30578512 -> 118.58295 | DC7: 521230 | DD7: 15818107 | DE7: =DD7/DC7 -> 30.347653 | DF7: =DE7*3.30578512 -> 100.32282 | DG7: 539736 | DH7: 20160905 | DI7: =DH7/DG7 -> 37.353271 | DJ7: =DI7*3.30578512 -> 123.48189 | DK7: 765476 | DL7: 27470352 | DM7: =DL7/DK7 -> 35.886627 | DN7: =DM7*3.30578512 -> 118.63348 | DO7: 461489 | DP7: 15973688 | DQ7: =DP7/DO7 -> 34.613367 | DR7: =DQ7*3.30578512 -> 114.42435 | DS7: 541315 | DT7: 16496767 | DU7: =DT7/DS7 -> 30.475355 | DV7: =DU7*3.30578512 -> 100.74498 | DW7: 515771 | DX7: 15552540 | DY7: =DX7/DW7 -> 30.153964 | DZ7: =DY7*3.30578512 -> 99.682524 | EA7: 664134 | EB7: 28924634 | EC7: =EB7/EA7 -> 43.552407 | ED7: =EC7*3.30578512 -> 143.9749 | EE7: 588359 | EF7: 19307098 | EG7: =EF7/EE7 -> 32.815166 | EH7: =EG7*3.30578512 -> 108.47989 | EI7: 584507 | EJ7: 24734102 | EK7: =EJ7/EI7 -> 42.316178 | EL7: =EK7*3.30578512 -> 139.88819 | EM7: 458530 | EN7: 13199930 | EO7: =EN7/EM7 -> 28.787495 | EP7: =EO7*3.30578512 -> 95.165272 | EQ7: 498123 | ER7: 16397926 | ES7: =ER7/EQ7 -> 32.919432 | ET7: =ES7*3.30578512 -> 108.82457 | EU7: 361898 | EV7: 14097829 | EW7: =EV7/EU7 -> 38.955254 | EX7: =EW7*3.30578512 -> 128.7777 | EY7: 448540 | EZ7: 20530172 | FA7: =EZ7/EY7 -> 45.771107 | FB7: =FA7*3.30578512 -> 151.30944 | FC7: 407575 | FD7: 14030443 | FE7: =FD7/FC7 -> 34.424199 | FF7: =FE7*3.30578512 -> 113.79901 | FG7: 619321 | FH7: 21840277 | FI7: =FH7/FG7 -> 35.264875 | FJ7: =FI7*3.30578512 -> 116.5781 | FK7: 595452 | FL7: 26572301 | FM7: =FL7/FK7 -> 44.625429 | FN7: =FM7*3.30578512 -> 147.52208 | FQ7: =FP7/FO7 -> #DIV/0! | FR7: =FQ7*3.30578512 -> #DIV/0! | FU7: =FT7/FS7 -> #DIV/0! | FV7: =FU7*3.30578512 -> #DIV/0! | FY7: =FX7/FW7 -> #DIV/0! | FZ7: =FY7*3.30578512 -> #DIV/0!
B8: 倉庫 | C8: 6068912 | D8: 71338916 | E8: =D8/C8 -> 11.754811 | F8: =E8*3.30578512 -> 38.858881 | G8: 835125 | H8: 10518520 | I8: =H8/G8 -> 12.595144 | J8: =I8*3.30578512 -> 41.636841 | K8: 775039 | L8: 10489793 | M8: =L8/K8 -> 13.534536 | N8: =M8*3.30578512 -> 44.742267 | O8: 912194 | P8: 11744726 | Q8: =P8/O8 -> 12.87525 | R8: =Q8*3.30578512 -> 42.562811 | S8: 881069 | T8: 11962789 | U8: =T8/S8 -> 13.577585 | V8: =U8*3.30578512 -> 44.884578 | W8: 852317 | X8: 11001456 | Y8: =X8/W8 -> 12.907705 | Z8: =Y8*3.30578512 -> 42.670098 | AA8: 963165 | AB8: 13762764 | AC8: =AB8/AA8 -> 14.289103 | AD8: =AC8*3.30578512 -> 47.236704 | AE8: 931010 | AF8: 14396013 | AG8: =AF8/AE8 -> 15.462791 | AH8: =AG8*3.30578512 -> 51.116664 | AI8: 660707 | AJ8: 9569279 | AK8: =AJ8/AI8 -> 14.483393 | AL8: =AK8*3.30578512 -> 47.878984 | AM8: 572632 | AN8: 8144155 | AO8: =AN8/AM8 -> 14.222319 | AP8: =AO8*3.30578512 -> 47.015931 | AQ8: 462154 | AR8: 7709515 | AS8: =AR8/AQ8 -> 16.681701 | AT8: =AS8*3.30578512 -> 55.14612 | AU8: 600119 | AV8: 8565731 | AW8: =AV8/AU8 -> 14.273387 | AX8: =AW8*3.30578512 -> 47.184752 | AY8: 672464 | AZ8: 9951811 | BA8: =AZ8/AY8 -> 14.799024 | BB8: =BA8*3.30578512 -> 48.922394 | BC8: 674938 | BD8: 10530530 | BE8: =BD8/BC8 -> 15.602218 | BF8: =BE8*3.30578512 -> 51.577581 | BG8: 900471 | BH8: 12993465 | BI8: =BH8/BG8 -> 14.429632 | BJ8: =BI8*3.30578512 -> 47.701262 | BK8: 346787 | BL8: 5546101 | BM8: =BL8/BK8 -> 15.992817 | BN8: =BM8*3.30578512 -> 52.868816 | BO8: 1025089 | BP8: 14773342 | BQ8: =BP8/BO8 -> 14.411765 | BR8: =BQ8*3.30578512 -> 47.642199 | BS8: 564527 | BT8: 8541089 | BU8: =BT8/BS8 -> 15.129638 | BV8: =BU8*3.30578512 -> 50.015331 | BW8: 498046 | BX8: 8652166 | BY8: =BX8/BW8 -> 17.372223 | BZ8: =BY8*3.30578512 -> 57.428835 | CA8: 489596 | CB8: 7565679 | CC8: =CB8/CA8 -> 15.452902 | CD8: =CC8*3.30578512 -> 51.083973 | CE8: 674749 | CF8: 11295329 | CG8: =CF8/CE8 -> 16.740046 | CH8: =CG8*3.30578512 -> 55.338994 | CI8: 566910 | CJ8: 10583923 | CK8: =CJ8/CI8 -> 18.669494 | CL8: =CK8*3.30578512 -> 61.717336 | CM8: 813132 | CN8: 17541418 | CO8: =CN8/CM8 -> 21.572657 | CP8: =CO8*3.30578512 -> 71.31457 | CQ8: 431285 | CR8: 7939075 | CS8: =CR8/CQ8 -> 18.407955 | CT8: =CS8*3.30578512 -> 60.852745 | CU8: 547167 | CV8: 8335203 | CW8: =CV8/CU8 -> 15.23338 | CX8: =CW8*3.30578512 -> 50.358282 | CY8: 471248 | CZ8: 7460266 | DA8: =CZ8/CY8 -> 15.83087 | DB8: =DA8*3.30578512 -> 52.333456 | DC8: 769671 | DD8: 12584915 | DE8: =DD8/DC8 -> 16.351032 | DF8: =DE8*3.30578512 -> 54.052998 | DG8: 535000 | DH8: 9907385 | DI8: =DH8/DG8 -> 18.518477 | DJ8: =DI8*3.30578512 -> 61.218105 | DK8: 633476 | DL8: 11687494 | DM8: =DL8/DK8 -> 18.449782 | DN8: =DM8*3.30578512 -> 60.991014 | DO8: 534316 | DP8: 8145786 | DQ8: =DP8/DO8 -> 15.245259 | DR8: =DQ8*3.30578512 -> 50.397552 | DS8: 824075 | DT8: 13859993 | DU8: =DT8/DS8 -> 16.818849 | DV8: =DU8*3.30578512 -> 55.599501 | DW8: 533993 | DX8: 9059516 | DY8: =DX8/DW8 -> 16.965608 | DZ8: =DY8*3.30578512 -> 56.084655 | EA8: 422016 | EB8: 10597770 | EC8: =EB8/EA8 -> 25.112247 | ED8: =EC8*3.30578512 -> 83.015692 | EE8: 918818 | EF8: 16429638 | EG8: =EF8/EE8 -> 17.881276 | EH8: =EG8*3.30578512 -> 59.111655 | EI8: 672820 | EJ8: 10715865 | EK8: =EJ8/EI8 -> 15.926793 | EL8: =EK8*3.30578512 -> 52.650556 | EM8: 859998 | EN8: 17432970 | EO8: =EN8/EM8 -> 20.270942 | EP8: =EO8*3.30578512 -> 67.01138 | EQ8: 685091 | ER8: 12932026 | ES8: =ER8/EQ8 -> 18.876362 | ET8: =ES8*3.30578512 -> 62.401198 | EU8: 637391 | EV8: 14475455 | EW8: =EV8/EU8 -> 22.710479 | EX8: =EW8*3.30578512 -> 75.075963 | EY8: 846196 | EZ8: 17147341 | FA8: =EZ8/EY8 -> 20.26403 | FB8: =FA8*3.30578512 -> 66.988528 | FC8: 450890 | FD8: 8036493.1 | FE8: =FD8/FC8 -> 17.823622 | FF8: =FE8*3.30578512 -> 58.921066 | FG8: 462406 | FH8: 9510154.6 | FI8: =FH8/FG8 -> 20.566676 | FJ8: =FI8*3.30578512 -> 67.989013 | FK8: 655850 | FL8: 14292666 | FM8: =FL8/FK8 -> 21.792583 | FN8: =FM8*3.30578512 -> 72.041597 | FQ8: =FP8/FO8 -> #DIV/0! | FR8: =FQ8*3.30578512 -> #DIV/0! | FU8: =FT8/FS8 -> #DIV/0! | FV8: =FU8*3.30578512 -> #DIV/0! | FY8: =FX8/FW8 -> #DIV/0! | FZ8: =FY8*3.30578512 -> #DIV/0!
B9: 学校の校舎 | C9: 1386294 | D9: 32660664 | E9: =D9/C9 -> 23.559695 | F9: =E9*3.30578512 -> 77.88329 | G9: 41707 | H9: 1257098 | I9: =H9/G9 -> 30.141175 | J9: =I9*3.30578512 -> 99.640249 | K9: 46099 | L9: 817146 | M9: =L9/K9 -> 17.725894 | N9: =M9*3.30578512 -> 58.597998 | O9: 28892 | P9: 615910 | Q9: =P9/O9 -> 21.317666 | R9: =Q9*3.30578512 -> 70.471622 | S9: 55420 | T9: 1672270 | U9: =T9/S9 -> 30.174486 | V9: =U9*3.30578512 -> 99.750366 | W9: 101064 | X9: 3428795 | Y9: =X9/W9 -> 33.926967 | Z9: =Y9*3.30578512 -> 112.15526 | AA9: 159002 | AB9: 4075445 | AC9: =AB9/AA9 -> 25.631407 | AD9: =AC9*3.30578512 -> 84.731924 | AE9: 104728 | AF9: 2873377 | AG9: =AF9/AE9 -> 27.436569 | AH9: =AG9*3.30578512 -> 90.699402 | AI9: 144121 | AJ9: 5453098 | AK9: =AJ9/AI9 -> 37.836943 | AL9: =AK9*3.30578512 -> 125.0808 | AM9: 72391 | AN9: 1663524 | AO9: =AN9/AM9 -> 22.979707 | AP9: =AO9*3.30578512 -> 75.965975 | AQ9: 109123 | AR9: 2766055 | AS9: =AR9/AQ9 -> 25.348048 | AT9: =AS9*3.30578512 -> 83.795199 | AU9: 202225 | AV9: 6923977 | AW9: =AV9/AU9 -> 34.238976 | AX9: =AW9*3.30578512 -> 113.1867 | AY9: 43313 | AZ9: 1096098 | BA9: =AZ9/AY9 -> 25.306444 | BB9: =BA9*3.30578512 -> 83.657665 | BC9: 39246 | BD9: 944029 | BE9: =BD9/BC9 -> 24.054146 | BF9: =BE9*3.30578512 -> 79.517837 | BG9: 59265 | BH9: 1946253 | BI9: =BH9/BG9 -> 32.839838 | BJ9: =BI9*3.30578512 -> 108.56145 | BK9: 63893 | BL9: 1200093 | BM9: =BL9/BK9 -> 18.782856 | BN9: =BM9*3.30578512 -> 62.092085 | BO9: 113460 | BP9: 2994431 | BQ9: =BP9/BO9 -> 26.391953 | BR9: =BQ9*3.30578512 -> 87.246126 | BS9: 59127 | BT9: 1557736 | BU9: =BT9/BS9 -> 26.345595 | BV9: =BU9*3.30578512 -> 87.092876 | BW9: 74781 | BX9: 2690113 | BY9: =BX9/BW9 -> 35.973215 | BZ9: =BY9*3.30578512 -> 118.91972 | CA9: 95736 | CB9: 5035463 | CC9: =CB9/CA9 -> 52.597382 | CD9: =CC9*3.30578512 -> 173.87564 | CE9: 42496 | CF9: 1340424 | CG9: =CF9/CE9 -> 31.542357 | CH9: =CG9*3.30578512 -> 104.27225 | CI9: 66248 | CJ9: 1746260 | CK9: =CJ9/CI9 -> 26.359437 | CL9: =CK9*3.30578512 -> 87.138635 | CM9: 93038 | CN9: 2863704 | CO9: =CN9/CM9 -> 30.779939 | CP9: =CO9*3.30578512 -> 101.75187 | CQ9: 84806 | CR9: 3555254 | CS9: =CR9/CQ9 -> 41.922199 | CT9: =CS9*3.30578512 -> 138.58578 | CU9: 27220 | CV9: 791133 | CW9: =CV9/CU9 -> 29.064401 | CX9: =CW9*3.30578512 -> 96.080665 | CY9: 67724 | CZ9: 2787558 | DA9: =CZ9/CY9 -> 41.160563 | DB9: =DA9*3.30578512 -> 136.06798 | DC9: 79088 | DD9: 2635389 | DE9: =DD9/DC9 -> 33.322236 | DF9: =DE9*3.30578512 -> 110.15615 | DG9: 59923 | DH9: 1746024 | DI9: =DH9/DG9 -> 29.137794 | DJ9: =DI9*3.30578512 -> 96.323284 | DK9: 96462 | DL9: 3082989 | DM9: =DL9/DK9 -> 31.960658 | DN9: =DM9*3.30578512 -> 105.65507 | DO9: 41794 | DP9: 1429051 | DQ9: =DP9/DO9 -> 34.192731 | DR9: =DQ9*3.30578512 -> 113.03382 | DS9: 60645 | DT9: 1714198 | DU9: =DT9/DS9 -> 28.266106 | DV9: =DU9*3.30578512 -> 93.441673 | DW9: 76047 | DX9: 3006457 | DY9: =DX9/DW9 -> 39.534196 | DZ9: =DY9*3.30578512 -> 130.69156 | EA9: 38811 | EB9: 1172992 | EC9: =EB9/EA9 -> 30.223184 | ED9: =EC9*3.30578512 -> 99.911352 | EE9: 97907 | EF9: 3537671 | EG9: =EF9/EE9 -> 36.132973 | EH9: =EG9*3.30578512 -> 119.44784 | EI9: 127139 | EJ9: 6918704 | EK9: =EJ9/EI9 -> 54.418424 | EL9: =EK9*3.30578512 -> 179.89562 | EM9: 64270 | EN9: 1724033 | EO9: =EN9/EM9 -> 26.824848 | EP9: =EO9*3.30578512 -> 88.677184 | EQ9: 97785 | ER9: 2305605 | ES9: =ER9/EQ9 -> 23.57831 | ET9: =ES9*3.30578512 -> 77.944825 | EU9: 54215 | EV9: 2414176.8 | EW9: =EV9/EU9 -> 44.529684 | EX9: =EW9*3.30578512 -> 147.20557 | EY9: 59521 | EZ9: 2046943.4 | FA9: =EZ9/EY9 -> 34.390273 | FB9: =FA9*3.30578512 -> 113.68685 | FC9: 90752 | FD9: 3601431.8 | FE9: =FD9/FC9 -> 39.684324 | FF9: =FE9*3.30578512 -> 131.18785 | FG9: 85456 | FH9: 2622310.3 | FI9: =FH9/FG9 -> 30.686087 | FJ9: =FI9*3.30578512 -> 101.44161 | FK9: 58555 | FL9: 1998331.5 | FM9: =FL9/FK9 -> 34.127427 | FN9: =FM9*3.30578512 -> 112.81794 | FQ9: =FP9/FO9 -> #DIV/0! | FR9: =FQ9*3.30578512 -> #DIV/0! | FU9: =FT9/FS9 -> #DIV/0! | FV9: =FU9*3.30578512 -> #DIV/0! | FY9: =FX9/FW9 -> #DIV/0! | FZ9: =FY9*3.30578512 -> #DIV/0!
B10: 病院・診療所 | C10: 1106860 | D10: 32198273 | E10: =D10/C10 -> 29.089743 | F10: =E10*3.30578512 -> 96.16444 | G10: 57385 | H10: 1755028 | I10: =H10/G10 -> 30.583393 | J10: =I10*3.30578512 -> 101.10213 | K10: 43562 | L10: 1402723 | M10: =L10/K10 -> 32.200611 | N10: =M10*3.30578512 -> 106.4483 | O10: 82304 | P10: 2924934 | Q10: =P10/O10 -> 35.538176 | R10: =Q10*3.30578512 -> 117.48157 | S10: 96019 | T10: 3707881 | U10: =T10/S10 -> 38.616118 | V10: =U10*3.30578512 -> 127.65659 | W10: 43189 | X10: 1435762 | Y10: =X10/W10 -> 33.243696 | Z10: =Y10*3.30578512 -> 109.89652 | AA10: 28557 | AB10: 1059931 | AC10: =AB10/AA10 -> 37.116329 | AD10: =AC10*3.30578512 -> 122.69861 | AE10: 56783 | AF10: 2046138 | AG10: =AF10/AE10 -> 36.034341 | AH10: =AG10*3.30578512 -> 119.12179 | AI10: 72247 | AJ10: 3036285 | AK10: =AJ10/AI10 -> 42.026451 | AL10: =AK10*3.30578512 -> 138.93042 | AM10: 50968 | AN10: 1703512 | AO10: =AN10/AM10 -> 33.423167 | AP10: =AO10*3.30578512 -> 110.48981 | AQ10: 132415 | AR10: 4726199 | AS10: =AR10/AQ10 -> 35.692323 | AT10: =AS10*3.30578512 -> 117.99115 | AU10: 58545 | AV10: 2537034 | AW10: =AV10/AU10 -> 43.334768 | AX10: =AW10*3.30578512 -> 143.25543 | AY10: 58359 | AZ10: 1995069 | BA10: =AZ10/AY10 -> 34.186141 | BB10: =BA10*3.30578512 -> 113.01204 | BC10: 72190 | BD10: 2761493 | BE10: =BD10/BC10 -> 38.253124 | BF10: =BE10*3.30578512 -> 126.45661 | BG10: 163710 | BH10: 7492181 | BI10: =BH10/BG10 -> 45.764956 | BJ10: =BI10*3.30578512 -> 151.28911 | BK10: 29840 | BL10: 1086113 | BM10: =BL10/BK10 -> 36.397889 | BN10: =BM10*3.30578512 -> 120.3236 | BO10: 35438 | BP10: 1486760 | BQ10: =BP10/BO10 -> 41.953835 | BR10: =BQ10*3.30578512 -> 138.69036 | BS10: 77116 | BT10: 3958952 | BU10: =BT10/BS10 -> 51.337621 | BV10: =BU10*3.30578512 -> 169.71114 | BW10: 46232 | BX10: 1816366 | BY10: =BX10/BW10 -> 39.288069 | BZ10: =BY10*3.30578512 -> 129.87791 | CA10: 28963 | CB10: 1084974 | CC10: =CB10/CA10 -> 37.460691 | CD10: =CC10*3.30578512 -> 123.837 | CE10: 60497 | CF10: 3091654 | CG10: =CF10/CE10 -> 51.104253 | CH10: =CG10*3.30578512 -> 168.93968 | CI10: 26281 | CJ10: 1308569 | CK10: =CJ10/CI10 -> 49.791446 | CL10: =CK10*3.30578512 -> 164.59982 | CM10: 45229 | CN10: 2018809 | CO10: =CN10/CM10 -> 44.635278 | CP10: =CO10*3.30578512 -> 147.55464 | CQ10: 31937 | CR10: 1354894 | CS10: =CR10/CQ10 -> 42.42396 | CT10: =CS10*3.30578512 -> 140.24449 | CU10: 21575 | CV10: 771966 | CW10: =CV10/CU10 -> 35.780579 | CX10: =CW10*3.30578512 -> 118.28291 | CY10: 18213 | CZ10: 718820 | DA10: =CZ10/CY10 -> 39.467413 | DB10: =DA10*3.30578512 -> 130.47079 | DC10: 61783 | DD10: 2591161 | DE10: =DD10/DC10 -> 41.939708 | DF10: =DE10*3.30578512 -> 138.64366 | DG10: 75208 | DH10: 3674094 | DI10: =DH10/DG10 -> 48.852436 | DJ10: =DI10*3.30578512 -> 161.49566 | DK10: 39809 | DL10: 1533622 | DM10: =DL10/DK10 -> 38.524505 | DN10: =DM10*3.30578512 -> 127.35373 | DO10: 56450 | DP10: 3493040 | DQ10: =DP10/DO10 -> 61.878477 | DR10: =DQ10*3.30578512 -> 204.55695 | DS10: 30018 | DT10: 1239589 | DU10: =DT10/DS10 -> 41.294856 | DV10: =DU10*3.30578512 -> 136.51192 | DW10: 21802 | DX10: 739533 | DY10: =DX10/DW10 -> 33.92042 | DZ10: =DY10*3.30578512 -> 112.13362 | EA10: 17463 | EB10: 662700 | EC10: =EB10/EA10 -> 37.948806 | ED10: =EC10*3.30578512 -> 125.4506 | EE10: 50757 | EF10: 2939783 | EG10: =EF10/EE10 -> 57.91877 | EH10: =EG10*3.30578512 -> 191.46701 | EI10: 15878 | EJ10: 569335 | EK10: =EJ10/EI10 -> 35.856846 | EL10: =EK10*3.30578512 -> 118.53503 | EM10: 85131 | EN10: 5736312 | EO10: =EN10/EM10 -> 67.382176 | EP10: =EO10*3.30578512 -> 222.75099 | EQ10: 18176 | ER10: 663243 | ES10: =ER10/EQ10 -> 36.490042 | ET10: =ES10*3.30578512 -> 120.62824 | EU10: 17345 | EV10: 624753.38 | EW10: =EV10/EU10 -> 36.01922 | EX10: =EW10*3.30578512 -> 119.0718 | EY10: 59787 | EZ10: 3657944 | FA10: =EZ10/EY10 -> 61.182934 | FB10: =FA10*3.30578512 -> 202.25763 | FC10: 81632 | FD10: 5121355.7 | FE10: =FD10/FC10 -> 62.737109 | FF10: =FE10*3.30578512 -> 207.3954 | FG10: 89374 | FH10: 4527145.6 | FI10: =FH10/FG10 -> 50.653944 | FJ10: =FI10*3.30578512 -> 167.45106 | FK10: 39756 | FL10: 2022945.2 | FM10: =FL10/FK10 -> 50.884023 | FN10: =FM10*3.30578512 -> 168.21165 | FQ10: =FP10/FO10 -> #DIV/0! | FR10: =FQ10*3.30578512 -> #DIV/0! | FU10: =FT10/FS10 -> #DIV/0! | FV10: =FU10*3.30578512 -> #DIV/0! | FY10: =FX10/FW10 -> #DIV/0! | FZ10: =FY10*3.30578512 -> #DIV/0!
B11: その他 | C11: 8608567 | D11: 167466039 | E11: =D11/C11 -> 19.453416 | F11: =E11*3.30578512 -> 64.308815 | G11: 468787 | H11: 11628801 | I11: =H11/G11 -> 24.806151 | J11: =I11*3.30578512 -> 82.003804 | K11: 554269 | L11: 13303890 | M11: =L11/K11 -> 24.002587 | N11: =M11*3.30578512 -> 79.347396 | O11: 475415 | P11: 11484248 | Q11: =P11/O11 -> 24.156259 | R11: =Q11*3.30578512 -> 79.855402 | S11: 543839 | T11: 13801597 | U11: =T11/S11 -> 25.378094 | V11: =U11*3.30578512 -> 83.894524 | W11: 444209 | X11: 14214159 | Y11: =X11/W11 -> 31.998809 | Z11: =Y11*3.30578512 -> 105.78119 | AA11: 525185 | AB11: 12856987 | AC11: =AB11/AA11 -> 24.480872 | AD11: =AC11*3.30578512 -> 80.928504 | AE11: 784656 | AF11: 23232064 | AG11: =AF11/AE11 -> 29.607961 | AH11: =AG11*3.30578512 -> 97.877556 | AI11: 516754 | AJ11: 14356047 | AK11: =AJ11/AI11 -> 27.781202 | AL11: =AK11*3.30578512 -> 91.838683 | AM11: 483962 | AN11: 13861034 | AO11: =AN11/AM11 -> 28.640749 | AP11: =AO11*3.30578512 -> 94.680161 | AQ11: 517179 | AR11: 13067907 | AS11: =AR11/AQ11 -> 25.267667 | AT11: =AS11*3.30578512 -> 83.529479 | AU11: 493168 | AV11: 12400631 | AW11: =AV11/AU11 -> 25.144841 | AX11: =AW11*3.30578512 -> 83.123442 | AY11: 452254 | AZ11: 10896023 | BA11: =AZ11/AY11 -> 24.092707 | BB11: =BA11*3.30578512 -> 79.645311 | BC11: 426713 | BD11: 12037838 | BE11: =BD11/BC11 -> 28.210619 | BF11: =BE11*3.30578512 -> 93.258246 | BG11: 426628 | BH11: 10028344 | BI11: =BH11/BG11 -> 23.506061 | BJ11: =BI11*3.30578512 -> 77.705988 | BK11: 429740 | BL11: 10476952 | BM11: =BL11/BK11 -> 24.379746 | BN11: =BM11*3.30578512 -> 80.594201 | BO11: 477653 | BP11: 14518674 | BQ11: =BP11/BO11 -> 30.395861 | BR11: =BQ11*3.30578512 -> 100.48218 | BS11: 436991 | BT11: 13656448 | BU11: =BT11/BS11 -> 31.251097 | BV11: =BU11*3.30578512 -> 103.30941 | BW11: 441980 | BX11: 13211462 | BY11: =BX11/BW11 -> 29.891538 | BZ11: =BY11*3.30578512 -> 98.815002 | CA11: 587762 | CB11: 18266439 | CC11: =CB11/CA11 -> 31.077952 | CD11: =CC11*3.30578512 -> 102.73703 | CE11: 507410 | CF11: 15077442 | CG11: =CF11/CE11 -> 29.714515 | CH11: =CG11*3.30578512 -> 98.229801 | CI11: 431504 | CJ11: 13681572 | CK11: =CJ11/CI11 -> 31.70671 | CL11: =CK11*3.30578512 -> 104.81557 | CM11: 569025 | CN11: 16385060 | CO11: =CN11/CM11 -> 28.794974 | CP11: =CO11*3.30578512 -> 95.189996 | CQ11: 384777 | CR11: 12314279 | CS11: =CR11/CQ11 -> 32.003677 | CT11: =CS11*3.30578512 -> 105.79728 | CU11: 396343 | CV11: 13183424 | CW11: =CV11/CU11 -> 33.262664 | CX11: =CW11*3.30578512 -> 109.95922 | CY11: 382059 | CZ11: 13252033 | DA11: =CZ11/CY11 -> 34.685829 | DB11: =DA11*3.30578512 -> 114.6639 | DC11: 423007 | DD11: 22456401 | DE11: =DD11/DC11 -> 53.08754 | DF11: =DE11*3.30578512 -> 175.496 | DG11: 467942 | DH11: 19166153 | DI11: =DH11/DG11 -> 40.958394 | DJ11: =DI11*3.30578512 -> 135.39965 | DK11: 690848 | DL11: 28299445 | DM11: =DL11/DK11 -> 40.963345 | DN11: =DM11*3.30578512 -> 135.41602 | DO11: 369532 | DP11: 12152064 | DQ11: =DP11/DO11 -> 32.885011 | DR11: =DQ11*3.30578512 -> 108.71078 | DS11: 413077 | DT11: 14026501 | DU11: =DT11/DS11 -> 33.956141 | DV11: =DU11*3.30578512 -> 112.25171 | DW11: 369620 | DX11: 11544272 | DY11: =DX11/DW11 -> 31.232812 | DZ11: =DY11*3.30578512 -> 103.24897 | EA11: 427197 | EB11: 21559705 | EC11: =EB11/EA11 -> 50.467829 | ED11: =EC11*3.30578512 -> 166.8358 | EE11: 473210 | EF11: 17192389 | EG11: =EF11/EE11 -> 36.331415 | EH11: =EG11*3.30578512 -> 120.10385 | EI11: 432596 | EJ11: 15735547 | EK11: =EJ11/EI11 -> 36.374694 | EL11: =EK11*3.30578512 -> 120.24692 | EM11: 344658 | EN11: 10792773 | EO11: =EN11/EM11 -> 31.314442 | EP11: =EO11*3.30578512 -> 103.51882 | EQ11: 335412 | ER11: 12330928 | ES11: =ER11/EQ11 -> 36.763527 | ET11: =ES11*3.30578512 -> 121.53232 | EU11: 353303 | EV11: 10780340 | EW11: =EV11/EU11 -> 30.513016 | EX11: =EW11*3.30578512 -> 100.86947 | EY11: 270559 | EZ11: 12760862 | FA11: =EZ11/EY11 -> 47.164803 | FB11: =FA11*3.30578512 -> 155.9167 | FC11: 469145 | FD11: 25382588 | FE11: =FD11/FC11 -> 54.10393 | FF11: =FE11*3.30578512 -> 178.85597 | FG11: 1234635 | FH11: 88701906 | FI11: =FH11/FG11 -> 71.844639 | FJ11: =FI11*3.30578512 -> 237.50294 | FK11: 358272 | FL11: 22722116 | FM11: =FL11/FK11 -> 63.421412 | FN11: =FM11*3.30578512 -> 209.65756 | FQ11: =FP11/FO11 -> #DIV/0! | FR11: =FQ11*3.30578512 -> #DIV/0! | FU11: =FT11/FS11 -> #DIV/0! | FV11: =FU11*3.30578512 -> #DIV/0! | FY11: =FX11/FW11 -> #DIV/0! | FZ11: =FY11*3.30578512 -> #DIV/0!
B15: 着工多用途建築物
C16: 2015（基準） | G16: 令和4年1月分 | K16: 令和4年2月分 | O16: 令和4年3月分 | S16: 令和4年4月分 | W16: 令和4年5月分 | AA16: 令和4年6月分 | AE16: 令和4年7月分 | AI16: 令和4年8月分 | AM16: 令和4年9月分 | AQ16: 令和4年10月分 | AU16: 令和4年11月分 | AY16: 令和4年12月分 | BC16: 令和5年1月分 | BG16: 令和5年2月分 | BK16: 令和5年3月分 | BO16: 令和5年4月分 | BS16: 令和5年5月分 | BW16: 令和5年6月分 | CA16: 令和5年7月分 | CE16: 令和5年8月分 | CI16: 令和5年9月分 | CM16: 令和5年10月分 | CQ16: 令和5年11月分 | CU16: 令和5年12月分 | CY16: 令和6年1月分 | DC16: 令和6年2月分 | DG16: 令和6年3月分 | DK16: 令和6年4月分 | DO16: 令和6年5月分 | DS16: 令和6年6月分 | DW16: 令和6年7月分 | EA16: 令和6年8月分 | EE16: 令和6年9月分 | EI16: 令和6年10月分 | EM16: 令和6年11月分 | EQ16: 令和6年12月分 | EU16: 令和7年1月分 | EY16: 令和7年2月分 | FC16: 令和7年3月分 | FG16: 令和7年4月分 | FK16: 令和7年5月分 | FO16: 令和7年6月分 | FS16: 令和7年7月分 | FW16: 令和7年8月分 | GA16: 令和7年9月分 | GE16: 令和7年10月分 | GI16: 令和7年11月分
C17: 床面積の合計 （㎡） | D17: 工事費予定額（万円） | E17: 面積単価 （万円/㎡） | F17: 面積単価 （万円/坪） | G17: 床面積の合計 （㎡） | H17: 工事費予定額（万円） | I17: 面積単価 （万円/㎡） | J17: 面積単価 （万円/坪） | K17: 床面積の合計 （㎡） | L17: 工事費予定額（万円） | M17: 面積単価 （万円/㎡） | N17: 面積単価 （万円/坪） | O17: 床面積の合計 （㎡） | P17: 工事費予定額（万円） | Q17: 面積単価 （万円/㎡） | R17: 面積単価 （万円/坪） | S17: 床面積の合計 （㎡） | T17: 工事費予定額（万円） | U17: 面積単価 （万円/㎡） | V17: 面積単価 （万円/坪） | W17: 床面積の合計 （㎡） | X17: 工事費予定額（万円） | Y17: 面積単価 （万円/㎡） | Z17: 面積単価 （万円/坪） | AA17: 床面積の合計 （㎡） | AB17: 工事費予定額（万円） | AC17: 面積単価 （万円/㎡） | AD17: 面積単価 （万円/坪） | AE17: 床面積の合計 （㎡） | AF17: 工事費予定額（万円） | AG17: 面積単価 （万円/㎡） | AH17: 面積単価 （万円/坪） | AI17: 床面積の合計 （㎡） | AJ17: 工事費予定額（万円） | AK17: 面積単価 （万円/㎡） | AL17: 面積単価 （万円/坪） | AM17: 床面積の合計 （㎡） | AN17: 工事費予定額（万円） | AO17: 面積単価 （万円/㎡） | AP17: 面積単価 （万円/坪） | AQ17: 床面積の合計 （㎡） | AR17: 工事費予定額（万円） | AS17: 面積単価 （万円/㎡） | AT17: 面積単価 （万円/坪） | AU17: 床面積の合計 （㎡） | AV17: 工事費予定額（万円） | AW17: 面積単価 （万円/㎡） | AX17: 面積単価 （万円/坪） | AY17: 床面積の合計 （㎡） | AZ17: 工事費予定額（万円） | BA17: 面積単価 （万円/㎡） | BB17: 面積単価 （万円/坪） | BC17: 床面積の合計 （㎡） | BD17: 工事費予定額（万円） | BE17: 面積単価 （万円/㎡） | BF17: 面積単価 （万円/坪） | BG17: 床面積の合計 （㎡） | BH17: 工事費予定額（万円） | BI17: 面積単価 （万円/㎡） | BJ17: 面積単価 （万円/坪） | BK17: 床面積の合計 （㎡） | BL17: 工事費予定額（万円） | BM17: 面積単価 （万円/㎡） | BN17: 面積単価 （万円/坪） | BO17: 床面積の合計 （㎡） | BP17: 工事費予定額（万円） | BQ17: 面積単価 （万円/㎡） | BR17: 面積単価 （万円/坪） | BS17: 床面積の合計 （㎡） | BT17: 工事費予定額（万円） | BU17: 面積単価 （万円/㎡） | BV17: 面積単価 （万円/坪） | BW17: 床面積の合計 （㎡） | BX17: 工事費予定額（万円） | BY17: 面積単価 （万円/㎡） | BZ17: 面積単価 （万円/坪） | CA17: 床面積の合計 （㎡） | CB17: 工事費予定額（万円） | CC17: 面積単価 （万円/㎡） | CD17: 面積単価 （万円/坪） | CE17: 床面積の合計 （㎡） | CF17: 工事費予定額（万円） | CG17: 面積単価 （万円/㎡） | CH17: 面積単価 （万円/坪） | CI17: 床面積の合計 （㎡） | CJ17: 工事費予定額（万円） | CK17: 面積単価 （万円/㎡） | CL17: 面積単価 （万円/坪） | CM17: 床面積の合計 （㎡） | CN17: 工事費予定額（万円） | CO17: 面積単価 （万円/㎡） | CP17: 面積単価 （万円/坪） | CQ17: 床面積の合計 （㎡） | CR17: 工事費予定額（万円） | CS17: 面積単価 （万円/㎡） | CT17: 面積単価 （万円/坪） | CU17: 床面積の合計 （㎡） | CV17: 工事費予定額（万円） | CW17: 面積単価 （万円/㎡） | CX17: 面積単価 （万円/坪） | CY17: 床面積の合計 （㎡） | CZ17: 工事費予定額（万円） | DA17: 面積単価 （万円/㎡） | DB17: 面積単価 （万円/坪） | DC17: 床面積の合計 （㎡） | DD17: 工事費予定額（万円） | DE17: 面積単価 （万円/㎡） | DF17: 面積単価 （万円/坪） | DG17: 床面積の合計 （㎡） | DH17: 工事費予定額（万円） | DI17: 面積単価 （万円/㎡） | DJ17: 面積単価 （万円/坪） | DK17: 床面積の合計 （㎡） | DL17: 工事費予定額（万円） | DM17: 面積単価 （万円/㎡） | DN17: 面積単価 （万円/坪） | DO17: 床面積の合計 （㎡） | DP17: 工事費予定額（万円） | DQ17: 面積単価 （万円/㎡） | DR17: 面積単価 （万円/坪） | DS17: 床面積の合計 （㎡） | DT17: 工事費予定額（万円） | DU17: 面積単価 （万円/㎡） | DV17: 面積単価 （万円/坪） | DW17: 床面積の合計 （㎡） | DX17: 工事費予定額（万円） | DY17: 面積単価 （万円/㎡） | DZ17: 面積単価 （万円/坪） | EA17: 床面積の合計 （㎡） | EB17: 工事費予定額（万円） | EC17: 面積単価 （万円/㎡） | ED17: 面積単価 （万円/坪） | EE17: 床面積の合計 （㎡） | EF17: 工事費予定額（万円） | EG17: 面積単価 （万円/㎡） | EH17: 面積単価 （万円/坪） | EI17: 床面積の合計 （㎡） | EJ17: 工事費予定額（万円） | EK17: 面積単価 （万円/㎡） | EL17: 面積単価 （万円/坪） | EM17: 床面積の合計 （㎡） | EN17: 工事費予定額（万円） | EO17: 面積単価 （万円/㎡） | EP17: 面積単価 （万円/坪） | EQ17: 床面積の合計 （㎡） | ER17: 工事費予定額（万円） | ES17: 面積単価 （万円/㎡） | ET17: 面積単価 （万円/坪） | EU17: 床面積の合計 （㎡） | EV17: 工事費予定額（万円） | EW17: 面積単価 （万円/㎡） | EX17: 面積単価 （万円/坪） | EY17: 床面積の合計 （㎡） | EZ17: 工事費予定額（万円） | FA17: 面積単価 （万円/㎡） | FB17: 面積単価 （万円/坪） | FC17: 床面積の合計 （㎡） | FD17: 工事費予定額（万円） | FE17: 面積単価 （万円/㎡） | FF17: 面積単価 （万円/坪） | FG17: 床面積の合計 （㎡） | FH17: 工事費予定額（万円） | FI17: 面積単価 （万円/㎡） | FJ17: 面積単価 （万円/坪） | FK17: 床面積の合計 （㎡） | FL17: 工事費予定額（万円） | FM17: 面積単価 （万円/㎡） | FN17: 面積単価 （万円/坪） | FO17: 床面積の合計 （㎡） | FP17: 工事費予定額（万円） | FQ17: 面積単価 （万円/㎡） | FR17: 面積単価 （万円/坪） | FS17: 床面積の合計 （㎡） | FT17: 工事費予定額（万円） | FU17: 面積単価 （万円/㎡） | FV17: 面積単価 （万円/坪） | FW17: 床面積の合計 （㎡） | FX17: 工事費予定額（万円） | FY17: 面積単価 （万円/㎡） | FZ17: 面積単価 （万円/坪） | GA17: 床面積の合計 （㎡） | GB17: 工事費予定額（万円） | GC17: 面積単価 （万円/㎡） | GD17: 面積単価 （万円/坪） | GE17: 床面積の合計 （㎡） | GF17: 工事費予定額（万円） | GG17: 面積単価 （万円/㎡） | GH17: 面積単価 （万円/坪） | GI17: 床面積の合計 （㎡） | GJ17: 工事費予定額（万円） | GK17: 面積単価 （万円/㎡） | GL17: 面積単価 （万円/坪）
B18: 全体 | C18: 1103222 | D18: 19509216 | E18: =D18/C18 -> 17.683853 | F18: =E18*3.30578512 -> 58.459019 | G18: 159225 | H18: 5993976 | I18: =H18/G18 -> 37.644691 | J18: =I18*3.30578512 -> 124.44526 | K18: 75673 | L18: 1420880 | M18: =L18/K18 -> 18.776578 | N18: =M18*3.30578512 -> 62.071333 | O18: 41719 | P18: 1258500 | Q18: =P18/O18 -> 30.166111 | R18: =Q18*3.30578512 -> 99.722682 | S18: 36580 | T18: 711484 | U18: =T18/S18 -> 19.450082 | V18: =U18*3.30578512 -> 64.297792 | W18: 107748 | X18: 2528819 | Y18: =X18/W18 -> 23.469753 | Z18: =Y18*3.30578512 -> 77.585962 | AA18: 102739 | AB18: 3257069 | AC18: =AB18/AA18 -> 31.702362 | AD18: =AC18*3.30578512 -> 104.8012 | AE18: 466219 | AF18: 22831606 | AG18: =AF18/AE18 -> 48.971848 | AH18: =AG18*3.30578512 -> 161.89041 | AI18: 60919 | AJ18: 1858333 | AK18: =AJ18/AI18 -> 30.504982 | AL18: =AK18*3.30578512 -> 100.84292 | AM18: 122998 | AN18: 2556975 | AO18: =AN18/AM18 -> 20.788753 | AP18: =AO18*3.30578512 -> 68.723149 | AQ18: 51633 | AR18: 1309923 | AS18: =AR18/AQ18 -> 25.36988 | AT18: =AS18*3.30578512 -> 83.867371 | AU18: 143935 | AV18: 5404134 | AW18: =AV18/AU18 -> 37.545656 | AX18: =AW18*3.30578512 -> 124.11787 | AY18: 39881 | AZ18: 1205900 | BA18: =AZ18/AY18 -> 30.237456 | BB18: =BA18*3.30578512 -> 99.958534 | BC18: 143379 | BD18: 3659626 | BE18: =BD18/BC18 -> 25.524142 | BF18: =BE18*3.30578512 -> 84.37733 | BG18: 98141 | BH18: 6161740 | BI18: =BH18/BG18 -> 62.784565 | BJ18: =BI18*3.30578512 -> 207.55228 | BK18: 63717 | BL18: 1194731 | BM18: =BL18/BK18 -> 18.750585 | BN18: =BM18*3.30578512 -> 61.985404 | BO18: 109508 | BP18: 3975640 | BQ18: =BP18/BO18 -> 36.304562 | BR18: =BQ18*3.30578512 -> 120.01508 | BS18: 22215 | BT18: 576600 | BU18: =BT18/BS18 -> 25.955436 | BV18: =BU18*3.30578512 -> 85.803093 | BW18: 120167 | BX18: 5057849 | BY18: =BX18/BW18 -> 42.090166 | BZ18: =BY18*3.30578512 -> 139.14105 | CA18: 100204 | CB18: 4395390 | CC18: =CB18/CA18 -> 43.864417 | CD18: =CC18*3.30578512 -> 145.00634 | CE18: 44090 | CF18: 1815671 | CG18: =CF18/CE18 -> 41.181016 | CH18: =CG18*3.30578512 -> 136.13559 | CI18: 40642 | CJ18: 1627548 | CK18: =CJ18/CI18 -> 40.045962 | CL18: =CK18*3.30578512 -> 132.38335 | CM18: 156857 | CN18: 5989746 | CO18: =CN18/CM18 -> 38.186029 | CP18: =CO18*3.30578512 -> 126.23481 | CQ18: 129724 | CR18: 4570680 | CS18: =CR18/CQ18 -> 35.233881 | CT18: =CS18*3.30578512 -> 116.47564 | CU18: 69386 | CV18: 3711854 | CW18: =CV18/CU18 -> 53.49572 | CX18: =CW18*3.30578512 -> 176.84535 | CY18: 453605 | CZ18: 17408583 | DA18: =CZ18/CY18 -> 38.378287 | DB18: =DA18*3.30578512 -> 126.87037 | DC18: 70556 | DD18: 3013703 | DE18: =DD18/DC18 -> 42.713632 | DF18: =DE18*3.30578512 -> 141.20209 | DG18: 332838 | DH18: 15401400 | DI18: =DH18/DG18 -> 46.272962 | DJ18: =DI18*3.30578512 -> 152.96847 | DK18: 236995 | DL18: 14028450 | DM18: =DL18/DK18 -> 59.193021 | DN18: =DM18*3.30578512 -> 195.67941 | DO18: 108920 | DP18: 2562775 | DQ18: =DP18/DO18 -> 23.528966 | DR18: =DQ18*3.30578512 -> 77.781706 | DS18: 55373 | DT18: 2008887 | DU18: =DT18/DS18 -> 36.279179 | DV18: =DU18*3.30578512 -> 119.93117 | DW18: 523788 | DX18: 19125330 | DY18: =DX18/DW18 -> 36.513494 | DZ18: =DY18*3.30578512 -> 120.70577 | EA18: 126018 | EB18: 10329075 | EC18: =EB18/EA18 -> 81.965076 | ED18: =EC18*3.30578512 -> 270.95893 | EE18: 56886 | EF18: 2276608 | EG18: =EF18/EE18 -> 40.020532 | EH18: =EG18*3.30578512 -> 132.29928 | EI18: 89961 | EJ18: 3861400 | EK18: =EJ18/EI18 -> 42.923044 | EL18: =EK18*3.30578512 -> 141.89436 | EM18: 262130 | EN18: 5048134 | EO18: =EN18/EM18 -> 19.258131 | EP18: =EO18*3.30578512 -> 63.663244 | EQ18: 91150 | ER18: 2552985 | ES18: =ER18/EQ18 -> 28.008612 | ET18: =ES18*3.30578512 -> 92.590453 | EU18: 126520 | EV18: 4244079 | EW18: =EV18/EU18 -> 33.544728 | EX18: =EW18*3.30578512 -> 110.89166 | EY18: 116427 | EZ18: 7631509 | FA18: =EZ18/EY18 -> 65.547588 | FB18: =FA18*3.30578512 -> 216.68624 | FC18: 512631 | FD18: 33631871 | FE18: =FD18/FC18 -> 65.606393 | FF18: =FE18*3.30578512 -> 216.88064 | FG18: 981465 | FH18: 74897323 | FI18: =FH18/FG18 -> 76.311761 | FJ18: =FI18*3.30578512 -> 252.27029 | FK18: 421367 | FL18: 19018430 | FM18: =FL18/FK18 -> 45.135072 | FN18: =FM18*3.30578512 -> 149.20685 | FO18: 324000 | FP18: 13701446 | FQ18: =FP18/FO18 -> 42.288414 | FR18: =FQ18*3.30578512 -> 139.79641 | FS18: 265842 | FT18: 9772874 | FU18: =FT18/FS18 -> 36.761964 | FV18: =FU18*3.30578512 -> 121.52715 | FW18: 258130 | FX18: 14909790 | FY18: =FX18/FW18 -> 57.760779 | FZ18: =FY18*3.30578512 -> 190.94473 | GA18: 734078 | GB18: 38824049 | GC18: =GB18/GA18 -> 52.888179 | GD18: =GC18*3.30578512 -> 174.83696 | GE18: 274612 | GF18: 10789496 | GG18: =GF18/GE18 -> 39.289965 | GH18: =GG18*3.30578512 -> 129.88418 | GI18: 197908 | GJ18: 8660604 | GK18: =GJ18/GI18 -> 43.760758 | GL18: =GK18*3.30578512 -> 144.66366
B19: 事務所 | C19: 498519 | D19: 9638971 | E19: =D19/C19 -> 19.335213 | F19: =E19*3.30578512 -> 63.918059 | G19: 80650 | H19: 3313000 | I19: =H19/G19 -> 41.078735 | J19: =I19*3.30578512 -> 135.79747 | K19: 4639 | L19: 122000 | M19: =L19/K19 -> 26.298771 | N19: =M19*3.30578512 -> 86.938087 | O19: 15483 | P19: 580450 | Q19: =P19/O19 -> 37.489505 | R19: =Q19*3.30578512 -> 123.93225 | S19: 1714 | T19: 35400 | U19: =T19/S19 -> 20.653442 | V19: =U19*3.30578512 -> 68.275842 | W19: 24514 | X19: 969760 | Y19: =X19/W19 -> 39.559435 | Z19: =Y19*3.30578512 -> 130.77499 | AA19: 44780 | AB19: 1883437 | AC19: =AB19/AA19 -> 42.059781 | AD19: =AC19*3.30578512 -> 139.0406 | AE19: 234789 | AF19: 13363500 | AG19: =AF19/AE19 -> 56.917062 | AH19: =AG19*3.30578512 -> 188.15558 | AI19: 2280 | AJ19: 75000 | AK19: =AJ19/AI19 -> 32.894737 | AL19: =AK19*3.30578512 -> 108.74293 | AM19: 5892 | AN19: 327700 | AO19: =AN19/AM19 -> 55.617787 | AP19: =AO19*3.30578512 -> 183.86045 | AQ19: 797 | AR19: 20184 | AS19: =AR19/AQ19 -> 25.324969 | AT19: =AS19*3.30578512 -> 83.718904 | AU19: 29687 | AV19: 1023892 | AW19: =AV19/AU19 -> 34.489575 | AX19: =AW19*3.30578512 -> 114.01512 | AY19: 915 | AZ19: 24200 | BA19: =AZ19/AY19 -> 26.448087 | BB19: =BA19*3.30578512 -> 87.431694 | BC19: 46977 | BD19: 1820500 | BE19: =BD19/BC19 -> 38.753007 | BF19: =BE19*3.30578512 -> 128.10911 | BG19: 22073 | BH19: 1270000 | BI19: =BH19/BG19 -> 57.536357 | BJ19: =BI19*3.30578512 -> 190.20283 | BK19: 9274 | BL19: 397100 | BM19: =BL19/BK19 -> 42.818633 | BN19: =BM19*3.30578512 -> 141.5492 | BO19: 63729 | BP19: 2824400 | BQ19: =BP19/BO19 -> 44.318913 | BR19: =BQ19*3.30578512 -> 146.5088 | BS19: 3286 | BT19: 111200 | BU19: =BT19/BS19 -> 33.840536 | BV19: =BU19*3.30578512 -> 111.86954 | BW19: 91302 | BX19: 4254000 | BY19: =BX19/BW19 -> 46.592627 | BZ19: =BY19*3.30578512 -> 154.02521 | CA19: 60478 | CB19: 3539990 | CC19: =CB19/CA19 -> 58.533516 | CD19: =CC19*3.30578512 -> 193.49923 | CE19: 4796 | CF19: 191500 | CG19: =CF19/CE19 -> 39.929108 | CH19: =CG19*3.30578512 -> 131.99705 | CI19: 21176 | CJ19: 1108400 | CK19: =CJ19/CI19 -> 52.342274 | CL19: =CK19*3.30578512 -> 173.03231 | CM19: 121848 | CN19: 5081595 | CO19: =CN19/CM19 -> 41.704378 | CP19: =CO19*3.30578512 -> 137.86571 | CQ19: 96242 | CR19: 3775665 | CS19: =CR19/CQ19 -> 39.230949 | CT19: =CS19*3.30578512 -> 129.68909 | CU19: 4155 | CV19: 149000 | CW19: =CV19/CU19 -> 35.860409 | CX19: =CW19*3.30578512 -> 118.54681 | CY19: 412702 | CZ19: 15230143 | DA19: =CZ19/CY19 -> 36.903487 | DB19: =DA19*3.30578512 -> 121.995 | DC19: 31070 | DD19: 706393 | DE19: =DD19/DC19 -> 22.735533 | DF19: =DE19*3.30578512 -> 75.158786 | DG19: 305819 | DH19: 14492500 | DI19: =DH19/DG19 -> 47.389142 | DJ19: =DI19*3.30578512 -> 156.65832 | DK19: 736 | DL19: 25800 | DM19: =DL19/DK19 -> 35.054348 | DN19: =DM19*3.30578512 -> 115.88214 | DO19: 78458 | DP19: 1191275 | DQ19: =DP19/DO19 -> 15.183601 | DR19: =DQ19*3.30578512 -> 50.193724 | DS19: 15607 | DT19: 778000 | DU19: =DT19/DS19 -> 49.849427 | DV19: =DU19*3.30578512 -> 164.79149 | DW19: 398799 | DX19: 16427800 | DY19: =DX19/DW19 -> 41.193183 | DZ19: =DY19*3.30578512 -> 136.17581 | EA19: 2434 | EB19: 170000 | EC19: =EB19/EA19 -> 69.843878 | ED19: =EC19*3.30578512 -> 230.88885 | EE19: 11024 | EF19: 689900 | EG19: =EF19/EE19 -> 62.58164 | EH19: =EG19*3.30578512 -> 206.88145 | EI19: 32876 | EJ19: 1239800 | EK19: =EJ19/EI19 -> 37.7114 | EL19: =EK19*3.30578512 -> 124.66579 | EM19: 1569 | EN19: 88500 | EO19: =EN19/EM19 -> 56.405354 | EP19: =EO19*3.30578512 -> 186.46398 | EQ19: 12984 | ER19: 793800 | ES19: =ER19/EQ19 -> 61.136784 | ET19: =ES19*3.30578512 -> 202.10507 | EU19: 23484 | EV19: 926228.84 | EW19: =EV19/EU19 -> 39.440846 | EX19: =EW19*3.30578512 -> 130.38296 | EY19: 10211 | EZ19: 538339.59 | FA19: =EZ19/EY19 -> 52.721535 | FB19: =FA19*3.30578512 -> 174.28607 | FC19: 263207 | FD19: 18687952 | FE19: =FD19/FC19 -> 71.000971 | FF19: =FE19*3.30578512 -> 234.71395 | FG19: 120803 | FH19: 7146627.3 | FI19: =FH19/FG19 -> 59.159353 | FJ19: =FI19*3.30578512 -> 195.56811 | FK19: 83882 | FL19: 4607638.8 | FM19: =FL19/FK19 -> 54.930006 | FN19: =FM19*3.30578512 -> 181.5868 | FO19: 59418 | FP19: 2871328.8 | FQ19: =FP19/FO19 -> 48.324224 | FR19: =FQ19*3.30578512 -> 159.7495 | FS19: 66468 | FT19: 3447883.4 | FU19: =FT19/FS19 -> 51.872832 | FV19: =FU19*3.30578512 -> 171.48044 | FW19: 57755 | FX19: 5069906.8 | FY19: =FX19/FW19 -> 87.782994 | FZ19: =FY19*3.30578512 -> 290.19172 | GA19: 208895 | GB19: 16048052 | GC19: =GB19/GA19 -> 76.823534 | GD19: =GC19*3.30578512 -> 253.9621 | GE19: 68750 | GF19: 3714905.3 | GG19: =GF19/GE19 -> 54.034987 | GH19: =GG19*3.30578512 -> 178.62806 | GI19: 27803 | GJ19: 1217216 | GK19: =GJ19/GI19 -> 43.780024 | GL19: =GK19*3.30578512 -> 144.72735
B20: 店舗 | C20: 227898 | D20: 2802810 | E20: =D20/C20 -> 12.298528 | F20: =E20*3.30578512 -> 40.656292 | G20: 1427 | H20: 48000 | I20: =H20/G20 -> 33.637001 | J20: =I20*3.30578512 -> 111.1967 | K20: 5729 | L20: 129000 | M20: =L20/K20 -> 22.517019 | N20: =M20*3.30578512 -> 74.436425 | O20: 2607 | P20: 87800 | Q20: =P20/O20 -> 33.678558 | R20: =Q20*3.30578512 -> 111.33408 | S20: 10534 | T20: 270000 | U20: =T20/S20 -> 25.631289 | V20: =U20*3.30578512 -> 84.731534 | W20: 2176 | X20: 67000 | Y20: =X20/W20 -> 30.790441 | Z20: =Y20*3.30578512 -> 101.78658 | AA20: 14619 | AB20: 383000 | AC20: =AB20/AA20 -> 26.198782 | AD20: =AC20*3.30578512 -> 86.607545 | AE20: 9175 | AF20: 266000 | AG20: =AF20/AE20 -> 28.991826 | AH20: =AG20*3.30578512 -> 95.840746 | AI20: 23849 | AJ20: 269649 | AK20: =AJ20/AI20 -> 11.306512 | AL20: =AK20*3.30578512 -> 37.376898 | AM20: 15 | AN20: 600 | AO20: =AN20/AM20 -> 40 | AP20: =AO20*3.30578512 -> 132.2314 | AQ20: 37199 | AR20: 852022 | AS20: =AR20/AQ20 -> 22.904433 | AT20: =AS20*3.30578512 -> 75.717134 | AU20: 15052 | AV20: 600480 | AW20: =AV20/AU20 -> 39.893702 | AX20: =AW20*3.30578512 -> 131.88001 | AY20: 3100 | AZ20: 123000 | BA20: =AZ20/AY20 -> 39.677419 | BB20: =BA20*3.30578512 -> 131.16502 | BC20: 17347 | BD20: 351914 | BE20: =BD20/BC20 -> 20.286735 | BF20: =BE20*3.30578512 -> 67.063588 | BG20: 50847 | BH20: 4401500 | BI20: =BH20/BG20 -> 86.563612 | BJ20: =BI20*3.30578512 -> 286.1607 | BK20: 21492 | BL20: 135500 | BM20: =BL20/BK20 -> 6.3046715 | BN20: =BM20*3.30578512 -> 20.841889 | BO20: 3456 | BP20: 76500 | BQ20: =BP20/BO20 -> 22.135417 | BR20: =BQ20*3.30578512 -> 73.174931 | BS20: 3554 | BT20: 142200 | BU20: =BT20/BS20 -> 40.011255 | BV20: =BU20*3.30578512 -> 132.26861 | BW20: 9031 | BX20: 267647 | BY20: =BX20/BW20 -> 29.636474 | BZ20: =BY20*3.30578512 -> 97.971816 | CA20: 3516 | CB20: 103000 | CC20: =CB20/CA20 -> 29.294653 | CD20: =CC20*3.30578512 -> 96.841828 | CE20: 6243 | CF20: 164000 | CG20: =CF20/CE20 -> 26.269422 | CH20: =CG20*3.30578512 -> 86.841064 | CI20: 2193 | CJ20: 63500 | CK20: =CJ20/CI20 -> 28.955768 | CL20: =CK20*3.30578512 -> 95.721548 | CM20: 1686 | CN20: 15000 | CO20: =CN20/CM20 -> 8.8967972 | CP20: =CO20*3.30578512 -> 29.4109 | CQ20: 3229 | CR20: 106500 | CS20: =CR20/CQ20 -> 32.982347 | CT20: =CS20*3.30578512 -> 109.03255 | CU20: 5603 | CV20: 336700 | CW20: =CV20/CU20 -> 60.092807 | CX20: =CW20*3.30578512 -> 198.65391 | CY20: 1251 | CZ20: 80000 | DA20: =CZ20/CY20 -> 63.948841 | DB20: =DA20*3.30578512 -> 211.40113 | DC20: 2524 | DD20: 84900 | DE20: =DD20/DC20 -> 33.637084 | DF20: =DE20*3.30578512 -> 111.19697 | DG20: 0 | DH20: 0 | DI20: =DH20/DG20 -> #DIV/0! | DJ20: =DI20*3.30578512 -> #DIV/0! | DK20: 109631 | DL20: 5518000 | DM20: =DL20/DK20 -> 50.332479 | DN20: =DM20*3.30578512 -> 166.38836 | DO20: 9397 | DP20: 378000 | DQ20: =DP20/DO20 -> 40.225604 | DR20: =DQ20*3.30578512 -> 132.9772 | DS20: 299 | DT20: 12000 | DU20: =DT20/DS20 -> 40.133779 | DV20: =DU20*3.30578512 -> 132.67365 | DW20: 3365 | DX20: 178500 | DY20: =DX20/DW20 -> 53.046062 | DZ20: =DY20*3.30578512 -> 175.35888 | EA20: 25997 | EB20: 684500 | EC20: =EB20/EA20 -> 26.329961 | ED20: =EC20*3.30578512 -> 87.041194 | EE20: 24936 | EF20: 803601 | EG20: =EF20/EE20 -> 32.22654 | EH20: =EG20*3.30578512 -> 106.53402 | EI20: 6754 | EJ20: 476000 | EK20: =EJ20/EI20 -> 70.476755 | EL20: =EK20*3.30578512 -> 232.98101 | EM20: 1806 | EN20: 7270 | EO20: =EN20/EM20 -> 4.0254707 | EP20: =EO20*3.30578512 -> 13.307341 | EQ20: 3344 | ER20: 151275 | ES20: =ER20/EQ20 -> 45.237739 | ET20: =ES20*3.30578512 -> 149.54625 | EU20: 31865 | EV20: 748199.44 | EW20: =EV20/EU20 -> 23.48029 | EX20: =EW20*3.30578512 -> 77.620793 | EY20: 7857 | EZ20: 301931.63 | FA20: =EZ20/EY20 -> 38.42836 | FB20: =FA20*3.30578512 -> 127.0359 | FC20: 85817 | FD20: 5595189.6 | FE20: =FD20/FC20 -> 65.199082 | FF20: =FE20*3.30578512 -> 215.53415 | FG20: 87123 | FH20: 5990048.3 | FI20: =FH20/FG20 -> 68.753926 | FJ20: =FI20*3.30578512 -> 227.2857 | FK20: 44228 | FL20: 1533767.9 | FM20: =FL20/FK20 -> 34.678662 | FN20: =FM20*3.30578512 -> 114.64021 | FO20: 46931 | FP20: 1738413.5 | FQ20: =FP20/FO20 -> 37.041901 | FR20: =FQ20*3.30578512 -> 122.45257 | FS20: 24433 | FT20: 1049753.3 | FU20: =FT20/FS20 -> 42.964567 | FV20: =FU20*3.30578512 -> 142.03163 | FW20: 20293 | FX20: 796481.47 | FY20: =FX20/FW20 -> 39.249075 | FZ20: =FY20*3.30578512 -> 129.74901 | GA20: 41087 | GB20: 2476355.7 | GC20: =GB20/GA20 -> 60.271028 | GD20: =GC20*3.30578512 -> 199.24307 | GE20: 113478 | GF20: 3633237.9 | GG20: =GF20/GE20 -> 32.017113 | GH20: =GG20*3.30578512 -> 105.8417 | GI20: 81814 | GJ20: 4079044 | GK20: =GJ20/GI20 -> 49.85753 | GL20: =GK20*3.30578512 -> 164.81828
B21: 工場及び作業場 | C21: 62005 | D21: 1252055 | E21: =D21/C21 -> 20.192807 | F21: =E21*3.30578512 -> 66.753081 | G21: 2209 | H21: 94000 | I21: =H21/G21 -> 42.553191 | J21: =I21*3.30578512 -> 140.67171 | K21: 19431 | L21: 596950 | M21: =L21/K21 -> 30.721527 | N21: =M21*3.30578512 -> 101.55877 | O21: 5584 | P21: 113500 | Q21: =P21/O21 -> 20.325931 | R21: =Q21*3.30578512 -> 67.193161 | S21: 5090 | T21: 89000 | U21: =T21/S21 -> 17.485265 | V21: =U21*3.30578512 -> 57.80253 | W21: 3053 | X21: 75000 | Y21: =X21/W21 -> 24.566001 | Z21: =Y21*3.30578512 -> 81.209919 | AA21: 9472 | AB21: 234166 | AC21: =AB21/AA21 -> 24.721917 | AD21: =AC21*3.30578512 -> 81.725346 | AE21: 2657 | AF21: 57086 | AG21: =AF21/AE21 -> 21.485134 | AH21: =AG21*3.30578512 -> 71.025235 | AI21: 3425 | AJ21: 83000 | AK21: =AJ21/AI21 -> 24.233577 | AL21: =AK21*3.30578512 -> 80.110997 | AM21: 10669 | AN21: 334890 | AO21: =AN21/AM21 -> 31.389071 | AP21: =AO21*3.30578512 -> 103.76552 | AQ21: 1121 | AR21: 41217 | AS21: =AR21/AQ21 -> 36.768064 | AT21: =AS21*3.30578512 -> 121.54732 | AU21: 14942 | AV21: 307912 | AW21: =AV21/AU21 -> 20.607148 | AX21: =AW21*3.30578512 -> 68.122802 | AY21: 11731 | AZ21: 180500 | BA21: =AZ21/AY21 -> 15.386583 | BB21: =BA21*3.30578512 -> 50.864736 | BC21: 6500 | BD21: 182692 | BE21: =BD21/BC21 -> 28.106462 | BF21: =BE21*3.30578512 -> 92.913922 | BG21: 4156 | BH21: 123740 | BI21: =BH21/BG21 -> 29.773821 | BJ21: =BI21*3.30578512 -> 98.425854 | BK21: 2408 | BL21: 95000 | BM21: =BL21/BK21 -> 39.451827 | BN21: =BM21*3.30578512 -> 130.41926 | BO21: 6365 | BP21: 154430 | BQ21: =BP21/BO21 -> 24.262372 | BR21: =BQ21*3.30578512 -> 80.206189 | BS21: 2986 | BT21: 74000 | BU21: =BT21/BS21 -> 24.782317 | BV21: =BU21*3.30578512 -> 81.925016 | BW21: 12638 | BX21: 353021 | BY21: =BX21/BW21 -> 27.933296 | BZ21: =BY21*3.30578512 -> 92.341476 | CA21: 960 | CB21: 21000 | CC21: =CB21/CA21 -> 21.875 | CD21: =CC21*3.30578512 -> 72.314049 | CE21: 0 | CF21: 0 | CG21: =CF21/CE21 -> #DIV/0! | CH21: =CG21*3.30578512 -> #DIV/0! | CI21: 0 | CJ21: 0 | CK21: =CJ21/CI21 -> #DIV/0! | CL21: =CK21*3.30578512 -> #DIV/0! | CM21: 17656 | CN21: 473265 | CO21: =CN21/CM21 -> 26.804769 | CP21: =CO21*3.30578512 -> 88.610806 | CQ21: 2100 | CR21: 59690 | CS21: =CR21/CQ21 -> 28.42381 | CT21: =CS21*3.30578512 -> 93.963007 | CU21: 0 | CV21: 0 | CW21: =CV21/CU21 -> #DIV/0! | CX21: =CW21*3.30578512 -> #DIV/0! | CY21: 3464 | CZ21: 241550 | DA21: =CZ21/CY21 -> 69.731524 | DB21: =DA21*3.30578512 -> 230.51744 | DC21: 4299 | DD21: 135000 | DE21: =DD21/DC21 -> 31.402652 | DF21: =DE21*3.30578512 -> 103.81042 | DG21: 389 | DH21: 5000 | DI21: =DH21/DG21 -> 12.85347 | DJ21: =DI21*3.30578512 -> 42.490811 | DK21: 0 | DL21: 0 | DM21: =DL21/DK21 -> #DIV/0! | DN21: =DM21*3.30578512 -> #DIV/0! | DO21: 12724 | DP21: 578400 | DQ21: =DP21/DO21 -> 45.457403 | DR21: =DQ21*3.30578512 -> 150.27241 | DS21: 26759 | DT21: 621600 | DU21: =DT21/DS21 -> 23.229568 | DV21: =DU21*3.30578512 -> 76.791959 | DW21: 371 | DX21: 8800 | DY21: =DX21/DW21 -> 23.719677 | DZ21: =DY21*3.30578512 -> 78.412154 | EA21: 44510 | EB21: 1725000 | EC21: =EB21/EA21 -> 38.755336 | ED21: =EC21*3.30578512 -> 128.11681 | EE21: 2277 | EF21: 56630 | EG21: =EF21/EE21 -> 24.870444 | EH21: =EG21*3.30578512 -> 82.216342 | EI21: 30888 | EJ21: 1613500 | EK21: =EJ21/EI21 -> 52.237115 | EL21: =EK21*3.30578512 -> 172.68468 | EM21: 79 | EN21: 1200 | EO21: =EN21/EM21 -> 15.189873 | EP21: =EO21*3.30578512 -> 50.214458 | EQ21: 21957 | ER21: 578500 | ES21: =ER21/EQ21 -> 26.346951 | ET21: =ES21*3.30578512 -> 87.097358 | EU21: 19617 | EV21: 412524.62 | EW21: =EV21/EU21 -> 21.028935 | EX21: =EW21*3.30578512 -> 69.51714 | EY21: 2841 | EZ21: 56342.696 | FA21: =EZ21/EY21 -> 19.831994 | FB21: =FA21*3.30578512 -> 65.560312 | FC21: 22090 | FD21: 1314826.6 | FE21: =FD21/FC21 -> 59.521348 | FF21: =FE21*3.30578512 -> 196.76479 | FG21: 26741 | FH21: 675396.94 | FI21: =FH21/FG21 -> 25.256982 | FJ21: =FI21*3.30578512 -> 83.494154 | FK21: 141201 | FL21: 7526709.3 | FM21: =FL21/FK21 -> 53.304929 | FN21: =FM21*3.30578512 -> 176.21464 | FO21: 72046 | FP21: 4691279.7 | FQ21: =FP21/FO21 -> 65.115061 | FR21: =FQ21*3.30578512 -> 215.2564 | FS21: 52398 | FT21: 1902624.9 | FU21: =FT21/FS21 -> 36.311022 | FV21: =FU21*3.30578512 -> 120.03644 | FW21: 50780 | FX21: 2542173.1 | FY21: =FX21/FW21 -> 50.062487 | FZ21: =FY21*3.30578512 -> 165.49582 | GA21: 35549 | GB21: 1579653 | GC21: =GB21/GA21 -> 44.435933 | GD21: =GC21*3.30578512 -> 146.89565 | GE21: 14615 | GF21: 650728.77 | GG21: =GF21/GE21 -> 44.524719 | GH21: =GG21*3.30578512 -> 147.18915 | GI21: 11527 | GJ21: 365412 | GK21: =GJ21/GI21 -> 31.700529 | GL21: =GK21*3.30578512 -> 104.79514
B22: 倉庫 | C22: 153240 | D22: 1689704 | E22: =D22/C22 -> 11.02652 | F22: =E22*3.30578512 -> 36.451307 | G22: 537 | H22: 11100 | I22: =H22/G22 -> 20.670391 | J22: =I22*3.30578512 -> 68.331871 | K22: 15403 | L22: 180000 | M22: =L22/K22 -> 11.686035 | N22: =M22*3.30578512 -> 38.631521 | O22: 1587 | P22: 13250 | Q22: =P22/O22 -> 8.3490863 | R22: =Q22*3.30578512 -> 27.600285 | S22: 13666 | T22: 225900 | U22: =T22/S22 -> 16.530075 | V22: =U22*3.30578512 -> 54.644875 | W22: 56375 | X22: 629069 | Y22: =X22/W22 -> 11.158652 | Z22: =Y22*3.30578512 -> 36.888105 | AA22: 6809 | AB22: 120730 | AC22: =AB22/AA22 -> 17.730944 | AD22: =AC22*3.30578512 -> 58.614692 | AE22: 1429 | AF22: 22150 | AG22: =AF22/AE22 -> 15.50035 | AH22: =AG22*3.30578512 -> 51.240826 | AI22: 2131 | AJ22: 29830 | AK22: =AJ22/AI22 -> 13.998123 | AL22: =AK22*3.30578512 -> 46.274787 | AM22: 89088 | AN22: 1097389 | AO22: =AN22/AM22 -> 12.318034 | AP22: =AO22*3.30578512 -> 40.720773 | AQ22: 808 | AR22: 12000 | AS22: =AR22/AQ22 -> 14.851485 | AT22: =AS22*3.30578512 -> 49.095819 | AU22: 3650 | AV22: 75000 | AW22: =AV22/AU22 -> 20.547945 | AX22: =AW22*3.30578512 -> 67.927092 | AY22: 993 | AZ22: 16700 | BA22: =AZ22/AY22 -> 16.817724 | BB22: =BA22*3.30578512 -> 55.595782 | BC22: 69088 | BD22: 1114520 | BE22: =BD22/BC22 -> 16.13189 | BF22: =BE22*3.30578512 -> 53.328561 | BG22: 214 | BH22: 4500 | BI22: =BH22/BG22 -> 21.028037 | BJ22: =BI22*3.30578512 -> 69.514173 | BK22: 18689 | BL22: 250000 | BM22: =BL22/BK22 -> 13.376853 | BN22: =BM22*3.30578512 -> 44.221001 | BO22: 15037 | BP22: 186920 | BQ22: =BP22/BO22 -> 12.430671 | BR22: =BQ22*3.30578512 -> 41.093127 | BS22: 203 | BT22: 6000 | BU22: =BT22/BS22 -> 29.55665 | BV22: =BU22*3.30578512 -> 97.707935 | BW22: 2393 | BX22: 69081 | BY22: =BX22/BW22 -> 28.867948 | BZ22: =BY22*3.30578512 -> 95.431234 | CA22: 20604 | CB22: 287300 | CC22: =CB22/CA22 -> 13.943894 | CD22: =CC22*3.30578512 -> 46.095519 | CE22: 0 | CF22: 0 | CG22: =CF22/CE22 -> #DIV/0! | CH22: =CG22*3.30578512 -> #DIV/0! | CI22: 1286 | CJ22: 21850 | CK22: =CJ22/CI22 -> 16.990669 | CL22: =CK22*3.30578512 -> 56.1675 | CM22: 4443 | CN22: 78200 | CO22: =CN22/CM22 -> 17.60072 | CP22: =CO22*3.30578512 -> 58.184199 | CQ22: 22711 | CR22: 427380 | CS22: =CR22/CQ22 -> 18.818194 | CT22: =CS22*3.30578512 -> 62.208905 | CU22: 2653 | CV22: 100500 | CW22: =CV22/CU22 -> 37.881643 | CX22: =CW22*3.30578512 -> 125.22857 | CY22: 0 | CZ22: 0 | DA22: =CZ22/CY22 -> #DIV/0! | DB22: =DA22*3.30578512 -> #DIV/0! | DC22: 12946 | DD22: 302550 | DE22: =DD22/DC22 -> 23.370153 | DF22: =DE22*3.30578512 -> 77.256704 | DG22: 9698 | DH22: 267800 | DI22: =DH22/DG22 -> 27.613941 | DJ22: =DI22*3.30578512 -> 91.285755 | DK22: 0 | DL22: 0 | DM22: =DL22/DK22 -> #DIV/0! | DN22: =DM22*3.30578512 -> #DIV/0! | DO22: 0 | DP22: 0 | DQ22: =DP22/DO22 -> #DIV/0! | DR22: =DQ22*3.30578512 -> #DIV/0! | DS22: 1724 | DT22: 29300 | DU22: =DT22/DS22 -> 16.99536 | DV22: =DU22*3.30578512 -> 56.183007 | DW22: 111736 | DX22: 2179930 | DY22: =DX22/DW22 -> 19.509648 | DZ22: =DY22*3.30578512 -> 64.494703 | EA22: 15871 | EB22: 418575 | EC22: =EB22/EA22 -> 26.373574 | ED22: =EC22*3.30578512 -> 87.18537 | EE22: 0 | EF22: 0 | EG22: =EF22/EE22 -> #DIV/0! | EH22: =EG22*3.30578512 -> #DIV/0! | EI22: 25 | EJ22: 100 | EK22: =EJ22/EI22 -> 4 | EL22: =EK22*3.30578512 -> 13.22314 | EM22: 255890 | EN22: 4832990 | EO22: =EN22/EM22 -> 18.886983 | EP22: =EO22*3.30578512 -> 62.436306 | EQ22: 50404 | ER22: 946610 | ES22: =ER22/EQ22 -> 18.780454 | ET22: =ES22*3.30578512 -> 62.084145 | EU22: 25315 | EV22: 834801.08 | EW22: =EV22/EU22 -> 32.976539 | EX22: =EW22*3.30578512 -> 109.01335 | EY22: 47793 | EZ22: 1028281.6 | FA22: =EZ22/EY22 -> 21.515319 | FB22: =FA22*3.30578512 -> 71.125021 | FC22: 16411 | FD22: 267589.43 | FE22: =FD22/FC22 -> 16.305492 | FF22: =FE22*3.30578512 -> 53.902452 | FG22: 87387 | FH22: 2104780.5 | FI22: =FH22/FG22 -> 24.085739 | FJ22: =FI22*3.30578512 -> 79.622279 | FK22: 94733 | FL22: 2701573.8 | FM22: =FL22/FK22 -> 28.517769 | FN22: =FM22*3.30578512 -> 94.273617 | FO22: 116589 | FP22: 3146602.7 | FQ22: =FP22/FO22 -> 26.988848 | FR22: =FQ22*3.30578512 -> 89.219331 | FS22: 96077 | FT22: 2270387.1 | FU22: =FT22/FS22 -> 23.630912 | FV22: =FU22*3.30578512 -> 78.118718 | FW22: 69494 | FX22: 1998559.5 | FY22: =FX22/FW22 -> 28.758735 | FZ22: =FY22*3.30578512 -> 95.070197 | GA22: 262209 | GB22: 5718614.3 | GC22: =GB22/GA22 -> 21.809374 | GD22: =GC22*3.30578512 -> 72.097105 | GE22: 30935 | GF22: 743218.09 | GG22: =GF22/GE22 -> 24.025153 | GH22: =GG22*3.30578512 -> 79.421992 | GI22: 28816 | GJ22: 1068346 | GK22: =GJ22/GI22 -> 37.07475 | GL22: =GK22*3.30578512 -> 122.56116
B23: 学校の校舎 | C23: 14738 | D23: 528100 | E23: =D23/C23 -> 35.832542 | F23: =E23*3.30578512 -> 118.45468 | G23: 0 | H23: 0 | I23: =H23/G23 -> #DIV/0! | J23: =I23*3.30578512 -> #DIV/0! | K23: 0 | L23: 0 | M23: =L23/K23 -> #DIV/0! | N23: =M23*3.30578512 -> #DIV/0! | O23: 0 | P23: 0 | Q23: =P23/O23 -> #DIV/0! | R23: =Q23*3.30578512 -> #DIV/0! | S23: 0 | T23: 0 | U23: =T23/S23 -> #DIV/0! | V23: =U23*3.30578512 -> #DIV/0! | W23: 30 | X23: 300 | Y23: =X23/W23 -> 10 | Z23: =Y23*3.30578512 -> 33.057851 | AA23: 0 | AB23: 0 | AC23: =AB23/AA23 -> #DIV/0! | AD23: =AC23*3.30578512 -> #DIV/0! | AE23: 19491 | AF23: 636370 | AG23: =AF23/AE23 -> 32.649428 | AH23: =AG23*3.30578512 -> 107.93199 | AI23: 0 | AJ23: 0 | AK23: =AJ23/AI23 -> #DIV/0! | AL23: =AK23*3.30578512 -> #DIV/0! | AM23: 1473 | AN23: 2000 | AO23: =AN23/AM23 -> 1.3577733 | AP23: =AO23*3.30578512 -> 4.4885066 | AQ23: 0 | AR23: 0 | AS23: =AR23/AQ23 -> #DIV/0! | AT23: =AS23*3.30578512 -> #DIV/0! | AU23: 45486 | AV23: 2000000 | AW23: =AV23/AU23 -> 43.969573 | AX23: =AW23*3.30578512 -> 145.35396 | AY23: 0 | AZ23: 0 | BA23: =AZ23/AY23 -> #DIV/0! | BB23: =BA23*3.30578512 -> #DIV/0! | BC23: 0 | BD23: 0 | BE23: =BD23/BC23 -> #DIV/0! | BF23: =BE23*3.30578512 -> #DIV/0! | BG23: 0 | BH23: 0 | BI23: =BH23/BG23 -> #DIV/0! | BJ23: =BI23*3.30578512 -> #DIV/0! | BK23: 0 | BL23: 0 | BM23: =BL23/BK23 -> #DIV/0! | BN23: =BM23*3.30578512 -> #DIV/0! | BO23: 0 | BP23: 0 | BQ23: =BP23/BO23 -> #DIV/0! | BR23: =BQ23*3.30578512 -> #DIV/0! | BS23: 0 | BT23: 0 | BU23: =BT23/BS23 -> #DIV/0! | BV23: =BU23*3.30578512 -> #DIV/0! | BW23: 0 | BX23: 0 | BY23: =BX23/BW23 -> #DIV/0! | BZ23: =BY23*3.30578512 -> #DIV/0! | CA23: 0 | CB23: 0 | CC23: =CB23/CA23 -> #DIV/0! | CD23: =CC23*3.30578512 -> #DIV/0! | CE23: 0 | CF23: 0 | CG23: =CF23/CE23 -> #DIV/0! | CH23: =CG23*3.30578512 -> #DIV/0! | CI23: 0 | CJ23: 0 | CK23: =CJ23/CI23 -> #DIV/0! | CL23: =CK23*3.30578512 -> #DIV/0! | CM23: 0 | CN23: 0 | CO23: =CN23/CM23 -> #DIV/0! | CP23: =CO23*3.30578512 -> #DIV/0! | CQ23: 0 | CR23: 0 | CS23: =CR23/CQ23 -> #DIV/0! | CT23: =CS23*3.30578512 -> #DIV/0! | CU23: 0 | CV23: 0 | CW23: =CV23/CU23 -> #DIV/0! | CX23: =CW23*3.30578512 -> #DIV/0! | CY23: 16982 | CZ23: 1250000 | DA23: =CZ23/CY23 -> 73.607349 | DB23: =DA23*3.30578512 -> 243.33008 | DC23: 888 | DD23: 47860 | DE23: =DD23/DC23 -> 53.896396 | DF23: =DE23*3.30578512 -> 178.16991 | DG23: 0 | DH23: 0 | DI23: =DH23/DG23 -> #DIV/0! | DJ23: =DI23*3.30578512 -> #DIV/0! | DK23: 0 | DL23: 0 | DM23: =DL23/DK23 -> #DIV/0! | DN23: =DM23*3.30578512 -> #DIV/0! | DO23: 0 | DP23: 0 | DQ23: =DP23/DO23 -> #DIV/0! | DR23: =DQ23*3.30578512 -> #DIV/0! | DS23: 854 | DT23: 100000 | DU23: =DT23/DS23 -> 117.09602 | DV23: =DU23*3.30578512 -> 387.09428 | DW23: 0 | DX23: 0 | DY23: =DX23/DW23 -> #DIV/0! | DZ23: =DY23*3.30578512 -> #DIV/0! | EA23: 0 | EB23: 0 | EC23: =EB23/EA23 -> #DIV/0! | ED23: =EC23*3.30578512 -> #DIV/0! | EE23: 0 | EF23: 0 | EG23: =EF23/EE23 -> #DIV/0! | EH23: =EG23*3.30578512 -> #DIV/0! | EI23: 0 | EJ23: 0 | EK23: =EJ23/EI23 -> #DIV/0! | EL23: =EK23*3.30578512 -> #DIV/0! | EM23: 0 | EN23: 0 | EO23: =EN23/EM23 -> #DIV/0! | EP23: =EO23*3.30578512 -> #DIV/0! | EQ23: 0 | ER23: 0 | ES23: =ER23/EQ23 -> #DIV/0! | ET23: =ES23*3.30578512 -> #DIV/0! | EU23: 1354 | EV23: 111816.82 | EW23: =EV23/EU23 -> 82.582583 | EX23: =EW23*3.30578512 -> 273.00027 | EY23: 1254 | EZ23: 76724.416 | FA23: =EZ23/EY23 -> 61.183744 | FB23: =FA23*3.30578512 -> 202.26031 | FC23: 6398 | FD23: 149693.79 | FE23: =FD23/FC23 -> 23.396966 | FF23: =FE23*3.30578512 -> 77.345342 | FG23: 21156 | FH23: 723762.28 | FI23: =FH23/FG23 -> 34.210734 | FJ23: =FI23*3.30578512 -> 113.09333 | FK23: 582 | FL23: 101422.49 | FM23: =FL23/FK23 -> 174.26545 | FN23: =FM23*3.30578512 -> 576.08413 | FO23: 0 | FP23: 0 | FQ23: =FP23/FO23 -> #DIV/0! | FR23: =FQ23*3.30578512 -> #DIV/0! | FS23: 511 | FT23: 20222.222 | FU23: =FT23/FS23 -> 39.57382 | FV23: =FU23*3.30578512 -> 130.82255 | FW23: 740 | FX23: 39900.511 | FY23: =FX23/FW23 -> 53.919609 | FZ23: =FY23*3.30578512 -> 178.24664 | GA23: 0 | GB23: 0 | GC23: =GB23/GA23 -> #DIV/0! | GD23: =GC23*3.30578512 -> #DIV/0! | GE23: 886 | GF23: 35089.109 | GG23: =GF23/GE23 -> 39.60396 | GH23: =GG23*3.30578512 -> 130.92218 | GI23: 0 | GJ23: 0 | GK23: =GJ23/GI23 -> #DIV/0! | GL23: =GK23*3.30578512 -> #DIV/0!
B24: 病院・診療所 | C24: 10862 | D24: 418652 | E24: =D24/C24 -> 38.54281 | F24: =E24*3.30578512 -> 127.41425 | G24: 0 | H24: 0 | I24: =H24/G24 -> #DIV/0! | J24: =I24*3.30578512 -> #DIV/0! | K24: 570 | L24: 11000 | M24: =L24/K24 -> 19.298246 | N24: =M24*3.30578512 -> 63.795853 | O24: 0 | P24: 0 | Q24: =P24/O24 -> #DIV/0! | R24: =Q24*3.30578512 -> #DIV/0! | S24: 1939 | T24: 62334 | U24: =T24/S24 -> 32.147499 | V24: =U24*3.30578512 -> 106.27272 | W24: 0 | X24: 0 | Y24: =X24/W24 -> #DIV/0! | Z24: =Y24*3.30578512 -> #DIV/0! | AA24: 0 | AB24: 0 | AC24: =AB24/AA24 -> #DIV/0! | AD24: =AC24*3.30578512 -> #DIV/0! | AE24: 0 | AF24: 0 | AG24: =AF24/AE24 -> #DIV/0! | AH24: =AG24*3.30578512 -> #DIV/0! | AI24: 0 | AJ24: 0 | AK24: =AJ24/AI24 -> #DIV/0! | AL24: =AK24*3.30578512 -> #DIV/0! | AM24: 0 | AN24: 0 | AO24: =AN24/AM24 -> #DIV/0! | AP24: =AO24*3.30578512 -> #DIV/0! | AQ24: 884 | AR24: 60000 | AS24: =AR24/AQ24 -> 67.873303 | AT24: =AS24*3.30578512 -> 224.37456 | AU24: 6369 | AV24: 250000 | AW24: =AV24/AU24 -> 39.25263 | AX24: =AW24*3.30578512 -> 129.76076 | AY24: 1333 | AZ24: 77000 | BA24: =AZ24/AY24 -> 57.764441 | BB24: =BA24*3.30578512 -> 190.95683 | BC24: 0 | BD24: 0 | BE24: =BD24/BC24 -> #DIV/0! | BF24: =BE24*3.30578512 -> #DIV/0! | BG24: 0 | BH24: 0 | BI24: =BH24/BG24 -> #DIV/0! | BJ24: =BI24*3.30578512 -> #DIV/0! | BK24: 2687 | BL24: 75000 | BM24: =BL24/BK24 -> 27.91217 | BN24: =BM24*3.30578512 -> 92.271635 | BO24: 2893 | BP24: 119500 | BQ24: =BP24/BO24 -> 41.306602 | BR24: =BQ24*3.30578512 -> 136.55075 | BS24: 281 | BT24: 9200 | BU24: =BT24/BS24 -> 32.740214 | BV24: =BU24*3.30578512 -> 108.23211 | BW24: 1407 | BX24: 50000 | BY24: =BX24/BW24 -> 35.536603 | BZ24: =BY24*3.30578512 -> 117.47637 | CA24: 211 | CB24: 3500 | CC24: =CB24/CA24 -> 16.587678 | CD24: =CC24*3.30578512 -> 54.835298 | CE24: 0 | CF24: 0 | CG24: =CF24/CE24 -> #DIV/0! | CH24: =CG24*3.30578512 -> #DIV/0! | CI24: 0 | CJ24: 0 | CK24: =CJ24/CI24 -> #DIV/0! | CL24: =CK24*3.30578512 -> #DIV/0! | CM24: 0 | CN24: 0 | CO24: =CN24/CM24 -> #DIV/0! | CP24: =CO24*3.30578512 -> #DIV/0! | CQ24: 0 | CR24: 0 | CS24: =CR24/CQ24 -> #DIV/0! | CT24: =CS24*3.30578512 -> #DIV/0! | CU24: 0 | CV24: 0 | CW24: =CV24/CU24 -> #DIV/0! | CX24: =CW24*3.30578512 -> #DIV/0! | CY24: 0 | CZ24: 0 | DA24: =CZ24/CY24 -> #DIV/0! | DB24: =DA24*3.30578512 -> #DIV/0! | DC24: 645 | DD24: 18000 | DE24: =DD24/DC24 -> 27.906977 | DF24: =DE24*3.30578512 -> 92.254468 | DG24: 0 | DH24: 0 | DI24: =DH24/DG24 -> #DIV/0! | DJ24: =DI24*3.30578512 -> #DIV/0! | DK24: 0 | DL24: 0 | DM24: =DL24/DK24 -> #DIV/0! | DN24: =DM24*3.30578512 -> #DIV/0! | DO24: 0 | DP24: 0 | DQ24: =DP24/DO24 -> #DIV/0! | DR24: =DQ24*3.30578512 -> #DIV/0! | DS24: 2493 | DT24: 94957 | DU24: =DT24/DS24 -> 38.08945 | DV24: =DU24*3.30578512 -> 125.91554 | DW24: 997 | DX24: 24000 | DY24: =DX24/DW24 -> 24.072217 | DZ24: =DY24*3.30578512 -> 79.577576 | EA24: 2372 | EB24: 106000 | EC24: =EB24/EA24 -> 44.688027 | ED24: =EC24*3.30578512 -> 147.72901 | EE24: 4067 | EF24: 160000 | EG24: =EF24/EE24 -> 39.341038 | EH24: =EG24*3.30578512 -> 130.05302 | EI24: 0 | EJ24: 0 | EK24: =EJ24/EI24 -> #DIV/0! | EL24: =EK24*3.30578512 -> #DIV/0! | EM24: 0 | EN24: 0 | EO24: =EN24/EM24 -> #DIV/0! | EP24: =EO24*3.30578512 -> #DIV/0! | EQ24: 110 | ER24: 5000 | ES24: =ER24/EQ24 -> 45.454545 | ET24: =ES24*3.30578512 -> 150.26296 | EU24: 764 | EV24: 27506.527 | EW24: =EV24/EU24 -> 36.003308 | EX24: =EW24*3.30578512 -> 119.0192 | EY24: 18372 | EZ24: 1040804.5 | FA24: =EZ24/EY24 -> 56.651673 | FB24: =FA24*3.30578512 -> 187.27826 | FC24: 5564 | FD24: 234829.85 | FE24: =FD24/FC24 -> 42.205221 | FF24: =FE24*3.30578512 -> 139.52139 | FG24: 5147 | FH24: 240459.31 | FI24: =FH24/FG24 -> 46.718342 | FJ24: =FI24*3.30578512 -> 154.4408 | FK24: 4373 | FL24: 164206.5 | FM24: =FL24/FK24 -> 37.55008 | FN24: =FM24*3.30578512 -> 124.13249 | FO24: 2404 | FP24: 146302.39 | FQ24: =FP24/FO24 -> 60.857898 | FR24: =FQ24*3.30578512 -> 201.18313 | FS24: 2384 | FT24: 78753.648 | FU24: =FT24/FS24 -> 33.034248 | FV24: =FU24*3.30578512 -> 109.20413 | FW24: 1108 | FX24: 45521.626 | FY24: =FX24/FW24 -> 41.0845 | FZ24: =FY24*3.30578512 -> 135.81653 | GA24: 2032 | GB24: 79696.484 | GC24: =GB24/GA24 -> 39.22071 | GD24: =GC24*3.30578512 -> 129.65524 | GE24: 2262 | GF24: 101251.17 | GG24: =GF24/GE24 -> 44.761792 | GH24: =GG24*3.30578512 -> 147.97287 | GI24: 1931 | GJ24: 62026 | GK24: =GJ24/GI24 -> 32.121181 | GL24: =GK24*3.30578512 -> 106.18572
B25: その他 | C25: 135960 | D25: 3178924 | E25: =D25/C25 -> 23.381318 | F25: =E25*3.30578512 -> 77.293613 | G25: 74402 | H25: 2527876 | I25: =H25/G25 -> 33.975915 | J25: =I25*3.30578512 -> 112.31707 | K25: 29901 | L25: 381930 | M25: =L25/K25 -> 12.773151 | N25: =M25*3.30578512 -> 42.225294 | O25: 16458 | P25: 463500 | Q25: =P25/O25 -> 28.162596 | R25: =Q25*3.30578512 -> 93.09949 | S25: 3637 | T25: 28850 | U25: =T25/S25 -> 7.9323618 | V25: =U25*3.30578512 -> 26.222684 | W25: 21600 | X25: 787690 | Y25: =X25/W25 -> 36.46713 | Z25: =Y25*3.30578512 -> 120.55249 | AA25: 27059 | AB25: 635736 | AC25: =AB25/AA25 -> 23.494438 | AD25: =AC25*3.30578512 -> 77.667564 | AE25: 198678 | AF25: 8486500 | AG25: =AF25/AE25 -> 42.714845 | AH25: =AG25*3.30578512 -> 141.2061 | AI25: 29234 | AJ25: 1400854 | AK25: =AJ25/AI25 -> 47.918656 | AL25: =AK25*3.30578512 -> 158.40878 | AM25: 15861 | AN25: 794396 | AO25: =AN25/AM25 -> 50.084862 | AP25: =AO25*3.30578512 -> 165.56979 | AQ25: 10824 | AR25: 324500 | AS25: =AR25/AQ25 -> 29.979675 | AT25: =AS25*3.30578512 -> 99.106363 | AU25: 28749 | AV25: 1146850 | AW25: =AV25/AU25 -> 39.891822 | AX25: =AW25*3.30578512 -> 131.87379 | AY25: 21809 | AZ25: 784500 | BA25: =AZ25/AY25 -> 35.971388 | BB25: =BA25*3.30578512 -> 118.91368 | BC25: 3467 | BD25: 190000 | BE25: =BD25/BC25 -> 54.802423 | BF25: =BE25*3.30578512 -> 181.16503 | BG25: 20851 | BH25: 362000 | BI25: =BH25/BG25 -> 17.361278 | BJ25: =BI25*3.30578512 -> 57.392653 | BK25: 9167 | BL25: 242131 | BM25: =BL25/BK25 -> 26.41333 | BN25: =BM25*3.30578512 -> 87.316795 | BO25: 18028 | BP25: 613890 | BQ25: =BP25/BO25 -> 34.05203 | BR25: =BQ25*3.30578512 -> 112.56869 | BS25: 11905 | BT25: 234000 | BU25: =BT25/BS25 -> 19.655607 | BV25: =BU25*3.30578512 -> 64.977213 | BW25: 3396 | BX25: 64100 | BY25: =BX25/BW25 -> 18.875147 | BZ25: =BY25*3.30578512 -> 62.397181 | CA25: 14435 | CB25: 440600 | CC25: =CB25/CA25 -> 30.523034 | CD25: =CC25*3.30578512 -> 100.90259 | CE25: 33051 | CF25: 1460171 | CG25: =CF25/CE25 -> 44.179329 | CH25: =CG25*3.30578512 -> 146.04737 | CI25: 15987 | CJ25: 433798 | CK25: =CJ25/CI25 -> 27.134422 | CL25: =CK25*3.30578512 -> 89.700568 | CM25: 11224 | CN25: 341686 | CO25: =CN25/CM25 -> 30.442445 | CP25: =CO25*3.30578512 -> 100.63618 | CQ25: 5442 | CR25: 201445 | CS25: =CR25/CQ25 -> 37.016722 | CT25: =CS25*3.30578512 -> 122.36933 | CU25: 56975 | CV25: 3125654 | CW25: =CV25/CU25 -> 54.860097 | CX25: =CW25*3.30578512 -> 181.35569 | CY25: 19206 | CZ25: 606890 | DA25: =CZ25/CY25 -> 31.598979 | DB25: =DA25*3.30578512 -> 104.45944 | DC25: 18184 | DD25: 1719000 | DE25: =DD25/DC25 -> 94.533656 | DF25: =DE25*3.30578512 -> 312.50795 | DG25: 16932 | DH25: 636100 | DI25: =DH25/DG25 -> 37.567919 | DJ25: =DI25*3.30578512 -> 124.19147 | DK25: 126628 | DL25: 8484650 | DM25: =DL25/DK25 -> 67.004533 | DN25: =DM25*3.30578512 -> 221.50259 | DO25: 8341 | DP25: 415100 | DQ25: =DP25/DO25 -> 49.766215 | DR25: =DQ25*3.30578512 -> 164.51641 | DS25: 7637 | DT25: 373030 | DU25: =DT25/DS25 -> 48.845096 | DV25: =DU25*3.30578512 -> 161.47139 | DW25: 8520 | DX25: 306300 | DY25: =DX25/DW25 -> 35.950704 | DZ25: =DY25*3.30578512 -> 118.8453 | EA25: 34834 | EB25: 7225000 | EC25: =EB25/EA25 -> 207.4123 | ED25: =EC25*3.30578512 -> 685.66049 | EE25: 14582 | EF25: 566477 | EG25: =EF25/EE25 -> 38.847689 | EH25: =EG25*3.30578512 -> 128.42211 | EI25: 19418 | EJ25: 532000 | EK25: =EJ25/EI25 -> 27.39726 | EL25: =EK25*3.30578512 -> 90.569455 | EM25: 2786 | EN25: 118174 | EO25: =EN25/EM25 -> 42.417085 | EP25: =EO25*3.30578512 -> 140.22177 | EQ25: 2351 | ER25: 77800 | ES25: =ER25/EQ25 -> 33.092301 | ET25: =ES25*3.30578512 -> 109.39604 | EU25: 24121 | EV25: 1183001.7 | EW25: =EV25/EU25 -> 49.044471 | EX25: =EW25*3.30578512 -> 162.13048 | EY25: 28099 | EZ25: 4589084.5 | FA25: =EZ25/EY25 -> 163.31843 | FB25: =FA25*3.30578512 -> 539.89563 | FC25: 113144 | FD25: 7381789.3 | FE25: =FD25/FC25 -> 65.242428 | FF25: =FE25*3.30578512 -> 215.67745 | FG25: 633108 | FH25: 58016248 | FI25: =FH25/FG25 -> 91.637206 | FJ25: =FI25*3.30578512 -> 302.93291 | FK25: 52368 | FL25: 2383111.3 | FM25: =FL25/FK25 -> 45.507013 | FN25: =FM25*3.30578512 -> 150.43641 | FO25: 26612 | FP25: 1107518.9 | FQ25: =FP25/FO25 -> 41.617275 | FR25: =FQ25*3.30578512 -> 137.57777 | FS25: 23571 | FT25: 1003249.4 | FU25: =FT25/FS25 -> 42.562869 | FV25: =FU25*3.30578512 -> 140.7037 | FW25: 57960 | FX25: 4417246.9 | FY25: =FX25/FW25 -> 76.21199 | FZ25: =FY25*3.30578512 -> 251.94046 | GA25: 184306 | GB25: 12921677 | GC25: =GB25/GA25 -> 70.109912 | GD25: =GC25*3.30578512 -> 231.7683 | GE25: 43686 | GF25: 1911065.6 | GG25: =GF25/GE25 -> 43.745492 | GH25: =GG25*3.30578512 -> 144.6132 | GI25: 46017 | GJ25: 1868560 | GK25: =GJ25/GI25 -> 40.605863 | GL25: =GK25*3.30578512 -> 134.23426
FQ38: https://www.e-stat.go.jp/stat-search/files?page=1&toukei=00600120&tstat=000001016965

Sheet 集計
A1: 鉄骨鉄筋コンクリート造
C2: 2015 | F2: R4.2 | I2: R4.5 | L2: R4.8 | O2: R4.11 | R2: R5.2 | U2: R5.5 | X2: R5.8 | AA2: R5.11 | AD2: R6.2 | AG2: R6.5 | AJ2: R6.8 | AM2: R6.11 | AO2: R7.1 | AP2: R7.2 | AQ2: R7.3 | AR2: R7.4 | AS2: R7.5
B3: 事務所 | C3: =鉄骨鉄筋コンクリート造!F5 -> 129.26744 | F3: =鉄骨鉄筋コンクリート造!J5 -> 160.57304 | I3: =鉄骨鉄筋コンクリート造!N5 -> 119.90208 | L3: =鉄骨鉄筋コンクリート造!R5 -> 51.572375 | O3: =鉄骨鉄筋コンクリート造!V5 -> 132.69802 | R3: =鉄骨鉄筋コンクリート造!Z5 -> 142.14604 | U3: =鉄骨鉄筋コンクリート造!AD5 -> 207.65724 | X3: =鉄骨鉄筋コンクリート造!AH5 -> 169.89396 | AA3: =鉄骨鉄筋コンクリート造!AL5 -> 207.62896 | AD3: =鉄骨鉄筋コンクリート造!AP5 -> #DIV/0! | AG3: =鉄骨鉄筋コンクリート造!AT5 -> 179.37952 | AJ3: =鉄骨鉄筋コンクリート造!AX5 -> 202.12027 | AM3: =鉄骨鉄筋コンクリート造!BB5 -> 179.4993 | AP3: =鉄骨鉄筋コンクリート造!BF5 -> 302.86604 | AS3: =鉄骨鉄筋コンクリート造!BJ5 -> 159.86165
B4: 店舗 | C4: =鉄骨鉄筋コンクリート造!F6 -> 82.501368 | F4: =鉄骨鉄筋コンクリート造!J6 -> 196.38327 | I4: =鉄骨鉄筋コンクリート造!N6 -> 41.78661 | L4: =鉄骨鉄筋コンクリート造!R6 -> 56.071941 | O4: =鉄骨鉄筋コンクリート造!V6 -> 27.686643 | R4: =鉄骨鉄筋コンクリート造!Z6 -> 101.95574 | U4: =鉄骨鉄筋コンクリート造!AD6 -> #DIV/0! | X4: =鉄骨鉄筋コンクリート造!AH6 -> 320.95001 | AA4: =鉄骨鉄筋コンクリート造!AL6 -> #DIV/0! | AD4: =鉄骨鉄筋コンクリート造!AP6 -> #DIV/0! | AG4: =鉄骨鉄筋コンクリート造!AT6 -> 1.1599246 | AJ4: =鉄骨鉄筋コンクリート造!AX6 -> 218.44029 | AM4: =鉄骨鉄筋コンクリート造!BB6 -> 45.454545 | AP4: =鉄骨鉄筋コンクリート造!BF6 -> #DIV/0! | AS4: =鉄骨鉄筋コンクリート造!BJ6 -> 95.542923
B5: 工場及び作業場 | C5: =鉄骨鉄筋コンクリート造!F7 -> 72.888871 | F5: =鉄骨鉄筋コンクリート造!J7 -> 153.91379 | I5: =鉄骨鉄筋コンクリート造!N7 -> 227.44889 | L5: =鉄骨鉄筋コンクリート造!R7 -> 61.218243 | O5: =鉄骨鉄筋コンクリート造!V7 -> #DIV/0! | R5: =鉄骨鉄筋コンクリート造!Z7 -> 67.384547 | U5: =鉄骨鉄筋コンクリート造!AD7 -> #DIV/0! | X5: =鉄骨鉄筋コンクリート造!AH7 -> 46.109577 | AA5: =鉄骨鉄筋コンクリート造!AL7 -> #DIV/0! | AD5: =鉄骨鉄筋コンクリート造!AP7 -> 151.57447 | AG5: =鉄骨鉄筋コンクリート造!AT7 -> #DIV/0! | AJ5: =鉄骨鉄筋コンクリート造!AX7 -> 197.91069 | AM5: =鉄骨鉄筋コンクリート造!BB7 -> 109.58404 | AP5: =鉄骨鉄筋コンクリート造!BF7 -> #DIV/0! | AS5: =鉄骨鉄筋コンクリート造!BJ7 -> 211.13591
B6: 倉庫 | C6: =鉄骨鉄筋コンクリート造!F8 -> 34.435078 | F6: =鉄骨鉄筋コンクリート造!J8 -> 44.05605 | I6: =鉄骨鉄筋コンクリート造!N8 -> 38.16989 | L6: =鉄骨鉄筋コンクリート造!R8 -> 49.300393 | O6: =鉄骨鉄筋コンクリート造!V8 -> 44.555349 | R6: =鉄骨鉄筋コンクリート造!Z8 -> 34.212612 | U6: =鉄骨鉄筋コンクリート造!AD8 -> 66.971206 | X6: =鉄骨鉄筋コンクリート造!AH8 -> 50.044246 | AA6: =鉄骨鉄筋コンクリート造!AL8 -> #DIV/0! | AD6: =鉄骨鉄筋コンクリート造!AP8 -> 81.670228 | AG6: =鉄骨鉄筋コンクリート造!AT8 -> 36.06311 | AJ6: =鉄骨鉄筋コンクリート造!AX8 -> 120.50918 | AM6: =鉄骨鉄筋コンクリート造!BB8 -> 135.85418 | AP6: =鉄骨鉄筋コンクリート造!BF8 -> 298.04818 | AS6: =鉄骨鉄筋コンクリート造!BJ8 -> 103.23104
B7: 学校の校舎 | C7: =鉄骨鉄筋コンクリート造!F9 -> 104.21088 | F7: =鉄骨鉄筋コンクリート造!J9 -> 148.88883 | I7: =鉄骨鉄筋コンクリート造!N9 -> 108.84959 | L7: =鉄骨鉄筋コンクリート造!R9 -> 144.5784 | O7: =鉄骨鉄筋コンクリート造!V9 -> 102.36664 | R7: =鉄骨鉄筋コンクリート造!Z9 -> 211.7018 | U7: =鉄骨鉄筋コンクリート造!AD9 -> 84.045384 | X7: =鉄骨鉄筋コンクリート造!AH9 -> 127.70272 | AA7: =鉄骨鉄筋コンクリート造!AL9 -> 184.40485 | AD7: =鉄骨鉄筋コンクリート造!AP9 -> 90.028024 | AG7: =鉄骨鉄筋コンクリート造!AT9 -> 151.63302 | AJ7: =鉄骨鉄筋コンクリート造!AX9 -> 228.38503 | AM7: =鉄骨鉄筋コンクリート造!BB9 -> 132.70916 | AP7: =鉄骨鉄筋コンクリート造!BF9 -> #DIV/0! | AS7: =鉄骨鉄筋コンクリート造!BJ9 -> 114.60655
B8: 病院・診療所 | C8: =鉄骨鉄筋コンクリート造!F10 -> 78.944646 | F8: =鉄骨鉄筋コンクリート造!J10 -> 116.38449 | I8: =鉄骨鉄筋コンクリート造!N10 -> #DIV/0! | L8: =鉄骨鉄筋コンクリート造!R10 -> #DIV/0! | O8: =鉄骨鉄筋コンクリート造!V10 -> 140.78654 | R8: =鉄骨鉄筋コンクリート造!Z10 -> #DIV/0! | U8: =鉄骨鉄筋コンクリート造!AD10 -> 126.54654 | X8: =鉄骨鉄筋コンクリート造!AH10 -> 1418.7919 | AA8: =鉄骨鉄筋コンクリート造!AL10 -> #DIV/0! | AD8: =鉄骨鉄筋コンクリート造!AP10 -> #DIV/0! | AG8: =鉄骨鉄筋コンクリート造!AT10 -> #DIV/0! | AJ8: =鉄骨鉄筋コンクリート造!AX10 -> #DIV/0! | AM8: =鉄骨鉄筋コンクリート造!BB10 -> #DIV/0! | AP8: =鉄骨鉄筋コンクリート造!BF10 -> #DIV/0! | AS8: =鉄骨鉄筋コンクリート造!BJ10 -> 282.54574
B9: その他 | C9: =鉄骨鉄筋コンクリート造!F11 -> 112.87372 | F9: =鉄骨鉄筋コンクリート造!J11 -> 136.23196 | I9: =鉄骨鉄筋コンクリート造!N11 -> 97.882249 | L9: =鉄骨鉄筋コンクリート造!R11 -> 102.87478 | O9: =鉄骨鉄筋コンクリート造!V11 -> 206.66263 | R9: =鉄骨鉄筋コンクリート造!Z11 -> 173.82536 | U9: =鉄骨鉄筋コンクリート造!AD11 -> 103.37149 | X9: =鉄骨鉄筋コンクリート造!AH11 -> 134.47358 | AA9: =鉄骨鉄筋コンクリート造!AL11 -> 242.32435 | AD9: =鉄骨鉄筋コンクリート造!AP11 -> 145.61483 | AG9: =鉄骨鉄筋コンクリート造!AT11 -> 47.684584 | AJ9: =鉄骨鉄筋コンクリート造!AX11 -> 341.23273 | AM9: =鉄骨鉄筋コンクリート造!BB11 -> 336.85007 | AP9: =鉄骨鉄筋コンクリート造!BF11 -> 245.83369 | AS9: =鉄骨鉄筋コンクリート造!BJ11 -> 75.370438
A11: 鉄筋コンクリート造
C12: 2015 | F12: R4.2 | I12: R4.5 | L12: R4.8 | O12: R4.11 | R12: R5.2 | U12: R5.5 | X12: R5.8 | AA12: R5.11 | AD12: R6.2 | AG12: R6.5 | AJ12: R6.8 | AM12: R6.11 | AO12: R7.1 | AP12: R7.2 | AQ12: R7.3 | AR12: R7.4 | AS12: R7.5
B13: 事務所 | C13: =鉄筋コンクリート造!F5 -> 105.04127 | F13: =鉄筋コンクリート造!J5 -> 106.82504 | I13: =鉄筋コンクリート造!N5 -> 145.80413 | L13: =鉄筋コンクリート造!R5 -> 125.63505 | O13: =鉄筋コンクリート造!V5 -> 139.36721 | R13: =鉄筋コンクリート造!Z5 -> 141.52106 | U13: =鉄筋コンクリート造!AD5 -> 145.23334 | X13: =鉄筋コンクリート造!AH5 -> 176.05201 | AA13: =鉄筋コンクリート造!AL5 -> 189.44026 | AD13: =鉄筋コンクリート造!AP5 -> 202.55812 | AG13: =鉄筋コンクリート造!AT5 -> 168.67668 | AJ13: =鉄筋コンクリート造!AX5 -> 191.567 | AM13: =鉄筋コンクリート造!BB5 -> 227.04366 | AP13: =鉄筋コンクリート造!BF5 -> 194.54288 | AS13: =鉄筋コンクリート造!BJ5 -> 117.73555
B14: 指数化 | C14: 100 | F14: =F13/$C$13*100 -> 101.69816 | I14: =I13/$C$13*100 -> 138.80652 | L14: =L13/$C$13*100 -> 119.60542 | O14: =O13/$C$13*100 -> 132.67853 | R14: =R13/$C$13*100 -> 134.72901 | U14: =U13/$C$13*100 -> 138.26312 | X14: =X13/$C$13*100 -> 167.6027 | AA14: =AA13/$C$13*100 -> 180.3484 | AD14: =AD13/$C$13*100 -> 192.8367 | AG14: =AG13/$C$13*100 -> 160.58134 | AJ14: =AJ13/$C$13*100 -> 182.37308 | AM14: =AM13/$C$13*100 -> 216.14709 | AP14: =AP13/$C$13*100 -> 185.20614 | AS14: =AS13/$C$13*100 -> 112.08504
B15: 店舗 | C15: =鉄筋コンクリート造!F6 -> 80.321848 | F15: =鉄筋コンクリート造!J6 -> 92.284519 | I15: =鉄筋コンクリート造!N6 -> 131.53039 | L15: =鉄筋コンクリート造!R6 -> 83.108598 | O15: =鉄筋コンクリート造!V6 -> 103.07765 | R15: =鉄筋コンクリート造!Z6 -> 112.92826 | U15: =鉄筋コンクリート造!AD6 -> 101.76276 | X15: =鉄筋コンクリート造!AH6 -> 141.57665 | AA15: =鉄筋コンクリート造!AL6 -> 165.05808 | AD15: =鉄筋コンクリート造!AP6 -> 202.8527 | AG15: =鉄筋コンクリート造!AT6 -> 87.857726 | AJ15: =鉄筋コンクリート造!AX6 -> 337.67616 | AM15: =鉄筋コンクリート造!BB6 -> 178.56933 | AP15: =鉄筋コンクリート造!BF6 -> 156.41283 | AS15: =鉄筋コンクリート造!BJ6 -> 181.79671
B16: 工場及び作業場 | C16: =鉄筋コンクリート造!F7 -> 74.528213 | F16: =鉄筋コンクリート造!J7 -> 29.327892 | I16: =鉄筋コンクリート造!N7 -> 64.256744 | L16: =鉄筋コンクリート造!R7 -> 211.39782 | O16: =鉄筋コンクリート造!V7 -> 69.244813 | R16: =鉄筋コンクリート造!Z7 -> 75.60156 | U16: =鉄筋コンクリート造!AD7 -> 218.49779 | X16: =鉄筋コンクリート造!AH7 -> 198.78537 | AA16: =鉄筋コンクリート造!AL7 -> 499.69552 | AD16: =鉄筋コンクリート造!AP7 -> 82.880345 | AG16: =鉄筋コンクリート造!AT7 -> 124.99346 | AJ16: =鉄筋コンクリート造!AX7 -> 130.71343 | AM16: =鉄筋コンクリート造!BB7 -> 89.301753 | AP16: =鉄筋コンクリート造!BF7 -> 279.68072 | AS16: =鉄筋コンクリート造!BJ7 -> 297.952
B17: 倉庫 | C17: =鉄筋コンクリート造!F8 -> 42.900012 | F17: =鉄筋コンクリート造!J8 -> 39.809612 | I17: =鉄筋コンクリート造!N8 -> 35.249034 | L17: =鉄筋コンクリート造!R8 -> 49.312042 | O17: =鉄筋コンクリート造!V8 -> 117.86211 | R17: =鉄筋コンクリート造!Z8 -> 50.763753 | U17: =鉄筋コンクリート造!AD8 -> 42.876228 | X17: =鉄筋コンクリート造!AH8 -> 52.642566 | AA17: =鉄筋コンクリート造!AL8 -> 56.183338 | AD17: =鉄筋コンクリート造!AP8 -> 77.865668 | AG17: =鉄筋コンクリート造!AT8 -> 57.956036 | AJ17: =鉄筋コンクリート造!AX8 -> 72.32351 | AM17: =鉄筋コンクリート造!BB8 -> 74.560676 | AP17: =鉄筋コンクリート造!BF8 -> 65.487716 | AS17: =鉄筋コンクリート造!BJ8 -> 84.655672
B18: 学校の校舎 | C18: =鉄筋コンクリート造!F9 -> 90.662416 | F18: =鉄筋コンクリート造!J9 -> 113.03097 | I18: =鉄筋コンクリート造!N9 -> 91.086405 | L18: =鉄筋コンクリート造!R9 -> 122.69076 | O18: =鉄筋コンクリート造!V9 -> 94.068795 | R18: =鉄筋コンクリート造!Z9 -> 117.72198 | U18: =鉄筋コンクリート造!AD9 -> 150.69977 | X18: =鉄筋コンクリート造!AH9 -> 137.17221 | AA18: =鉄筋コンクリート造!AL9 -> 124.91544 | AD18: =鉄筋コンクリート造!AP9 -> 110.09045 | AG18: =鉄筋コンクリート造!AT9 -> 122.39851 | AJ18: =鉄筋コンクリート造!AX9 -> 140.62325 | AM18: =鉄筋コンクリート造!BB9 -> 170.6285 | AP18: =鉄筋コンクリート造!BF9 -> 152.72477 | AS18: =鉄筋コンクリート造!BJ9 -> 150.44872
B19: 病院・診療所 | C19: =鉄筋コンクリート造!F10 -> 94.404504 | F19: =鉄筋コンクリート造!J10 -> 110.50589 | I19: =鉄筋コンクリート造!N10 -> 87.361256 | L19: =鉄筋コンクリート造!R10 -> 143.04321 | O19: =鉄筋コンクリート造!V10 -> 123.13411 | R19: =鉄筋コンクリート造!Z10 -> 168.15415 | U19: =鉄筋コンクリート造!AD10 -> 137.66795 | X19: =鉄筋コンクリート造!AH10 -> 157.45245 | AA19: =鉄筋コンクリート造!AL10 -> 144.46439 | AD19: =鉄筋コンクリート造!AP10 -> 169.9743 | AG19: =鉄筋コンクリート造!AT10 -> 137.47396 | AJ19: =鉄筋コンクリート造!AX10 -> 160.00588 | AM19: =鉄筋コンクリート造!BB10 -> 117.61143 | AP19: =鉄筋コンクリート造!BF10 -> 162.52764 | AS19: =鉄筋コンクリート造!BJ10 -> 191.73501
B20: その他 | C20: =鉄筋コンクリート造!F11 -> 91.775408 | F20: =鉄筋コンクリート造!J11 -> 191.75918 | I20: =鉄筋コンクリート造!N11 -> 113.49516 | L20: =鉄筋コンクリート造!R11 -> 127.65451 | O20: =鉄筋コンクリート造!V11 -> 152.66515 | R20: =鉄筋コンクリート造!Z11 -> 144.52523 | U20: =鉄筋コンクリート造!AD11 -> 138.91168 | X20: =鉄筋コンクリート造!AH11 -> 161.23705 | AA20: =鉄筋コンクリート造!AL11 -> 143.3076 | AD20: =鉄筋コンクリート造!AP11 -> 168.74395 | AG20: =鉄筋コンクリート造!AT11 -> 163.57347 | AJ20: =鉄筋コンクリート造!AX11 -> 202.22362 | AM20: =鉄筋コンクリート造!BB11 -> 166.76419 | AP20: =鉄筋コンクリート造!BF11 -> 171.11197 | AS20: =鉄筋コンクリート造!BJ11 -> 147.24103
A22: 鉄骨造
C23: 2015 | E23: R4.1 | F23: R4.2 | G23: R4.3 | H23: R4.4 | I23: R4.5 | J23: R4.6 | K23: R4.7 | L23: R4.8 | M23: R4.9 | N23: R4.10 | O23: R4.11 | P23: R4.12 | Q23: R5.1 | R23: R5.2 | S23: R5.3 | T23: R5.4 | U23: R5.5 | V23: R5.6 | W23: R5.7 | X23: R5.8 | Y23: R5.9 | Z23: R5.10 | AA23: R5.11 | AB23: R5.12 | AC23: R6.1 | AD23: R6.2 | AE23: R6.3 | AF23: R6.4 | AG23: R6.5 | AH23: R6.6 | AI23: R6.7 | AJ23: R6.8 | AK23: R6.9 | AL23: R6.10 | AM23: R6.11 | AN23: R6.12 | AO23: R7.1 | AP23: R7.2 | AQ23: R7.3 | AR23: R7.4 | AS23: R7.5
B24: 事務所 | C24: =鉄骨造!F5 -> 91.672776 | E24: =鉄骨造!J5 -> 108.20912 | F24: =鉄骨造!N5 -> 101.17266 | G24: =鉄骨造!R5 -> 87.619279 | H24: =鉄骨造!V5 -> 99.280914 | I24: =鉄骨造!Z5 -> 129.32566 | J24: =鉄骨造!AD5 -> 113.64937 | K24: =鉄骨造!AH5 -> 145.71207 | L24: =鉄骨造!AL5 -> 93.009623 | M24: =鉄骨造!AP5 -> 146.86783 | N24: =鉄骨造!AT5 -> 118.22188 | O24: =鉄骨造!AX5 -> 118.9761 | P24: =鉄骨造!BB5 -> 150.19286 | Q24: =鉄骨造!BF5 -> 112.27781 | R24: =鉄骨造!BJ5 -> 115.34532 | S24: =鉄骨造!BN5 -> 113.34403 | T24: =鉄骨造!BR5 -> 118.56559 | U24: =鉄骨造!BV5 -> 118.83724 | V24: =鉄骨造!BZ5 -> 122.25716 | W24: =鉄骨造!CD5 -> 151.46338 | X24: =鉄骨造!CH5 -> 127.36381 | Y24: =鉄骨造!CL5 -> 127.23029 | Z24: =鉄骨造!CP5 -> 120.77076 | AA24: =鉄骨造!CT5 -> 118.98643 | AB24: =鉄骨造!CX5 -> 211.833 | AC24: =鉄骨造!DB5 -> 136.1523 | AD24: =鉄骨造!DF5 -> 136.65422 | AE24: =鉄骨造!DJ5 -> 138.89256 | AF24: =鉄骨造!DN5 -> 151.17868 | AG24: =鉄骨造!DR5 -> 79.735473 | AH24: =鉄骨造!DV5 -> 154.92568 | AI24: =鉄骨造!DZ5 -> 133.97789 | AJ24: =鉄骨造!ED5 -> 147.18928 | AK24: =鉄骨造!EH5 -> 136.54648 | AL24: =鉄骨造!EL5 -> 131.81912 | AM24: =鉄骨造!EP5 -> 116.73168 | AN24: =鉄骨造!ET5 -> 134.36541 | AO24: =鉄骨造!EX5 -> 150.42369 | AP24: =鉄骨造!FB5 -> 116.67206 | AQ24: =鉄骨造!FF5 -> 235.65307 | AR24: =鉄骨造!FJ18 -> 252.27029 | AS24: =鉄骨造!FN5 -> 162.00099
B25: 指数化 | C25: 100 | D25: 建築物着工統計算出指数(S造/全体) | E25: =E24/$C$24*100 -> 118.03845 | F25: =F24/$C$24*100 -> 110.36282 | G25: =G24/$C$24*100 -> 95.578299 | H25: =H24/$C$24*100 -> 108.29923 | I25: =I24/$C$24*100 -> 141.07314 | J25: =J24/$C$24*100 -> 123.97287 | K25: =K24/$C$24*100 -> 158.94803 | L25: =L24/$C$24*100 -> 101.45828 | ... AS25: =AS24/$C$24*100 -> 176.71658
B26: 店舗 | C26: =鉄骨造!F6 -> 53.500709 | E26: =鉄骨造!J6 -> 62.013475 | F26: =鉄骨造!N6 -> 53.983297 | G26: =鉄骨造!R6 -> 55.248289 | H26: =鉄骨造!V6 -> 53.841698 | I26: =鉄骨造!Z6 -> 53.841991 | J26: =鉄骨造!AD6 -> 56.579622 | K26: =鉄骨造!AH6 -> 49.918155 | L26: =鉄骨造!AL6 -> 55.550511 | M26: =鉄骨造!AP6 -> 55.507062 | N26: =鉄骨造!AT6 -> 64.586056 | O26: =鉄骨造!AX6 -> 68.805888 | P26: =鉄骨造!BB6 -> 69.309583 | Q26: =鉄骨造!BF6 -> 61.798181 | R26: =鉄骨造!BJ6 -> 99.541819 | S26: =鉄骨造!BN6 -> 54.701595 | T26: =鉄骨造!BR6 -> 63.199424 | U26: =鉄骨造!BV6 -> 65.610581 | V26: =鉄骨造!BZ6 -> 71.589609 | W26: =鉄骨造!CD6 -> 59.79388 | X26: =鉄骨造!CH6 -> 57.784747 | Y26: =鉄骨造!CL6 -> 61.482505 | Z26: =鉄骨造!CP6 -> 61.333146 | AA26: =鉄骨造!CT6 -> 70.435741 | AB26: =鉄骨造!CX6 -> 66.783656 | AC26: =鉄骨造!DB6 -> 74.487697 | AD26: =鉄骨造!DF6 -> 66.844865 | AE26: =鉄骨造!DJ6 -> 67.284863 | AF26: =鉄骨造!DN6 -> 96.560346 | AG26: =鉄骨造!DR6 -> 72.857833 | AH26: =鉄骨造!DV6 -> 69.954434 | AI26: =鉄骨造!DZ6 -> 57.265938 | AJ26: =鉄骨造!ED6 -> 72.505202 | AK26: =鉄骨造!EH6 -> 74.202433 | AL26: =鉄骨造!EL6 -> 79.720064 | AM26: =鉄骨造!EP6 -> 71.677289 | AN26: =鉄骨造!ET6 -> 67.890237 | AO26: =鉄骨造!EX6 -> 90.28425 | AP26: =鉄骨造!FB6 -> 82.161267 | AQ26: =鉄骨造!FF6 -> 114.58058 | AR26: =鉄骨造!FN6 -> 68.854341 | AS26: =鉄骨造!FN6 -> 68.854341
B27: 工場及び作業場 | C27: =鉄骨造!F7 -> 59.856482 | E27: =鉄骨造!J7 -> 83.864305 | F27: =鉄骨造!N7 -> 83.068695 | G27: =鉄骨造!R7 -> 70.759642 | H27: =鉄骨造!V7 -> 89.441659 | I27: =鉄骨造!Z7 -> 63.972187 | J27: =鉄骨造!AD7 -> 79.655768 | K27: =鉄骨造!AH7 -> 62.089417 | L27: =鉄骨造!AL7 -> 89.302419 | M27: =鉄骨造!AP7 -> 95.928104 | N27: =鉄骨造!AT7 -> 92.068168 | O27: =鉄骨造!AX7 -> 81.542403 | P27: =鉄骨造!BB7 -> 92.583261 | Q27: =鉄骨造!BF7 -> 83.046503 | R27: =鉄骨造!BJ7 -> 79.846034 | S27: =鉄骨造!BN7 -> 94.092487 | T27: =鉄骨造!BR7 -> 98.144282 | U27: =鉄骨造!BV7 -> 89.220023 | V27: =鉄骨造!BZ7 -> 113.93829 | W27: =鉄骨造!CD7 -> 99.91587 | X27: =鉄骨造!CH7 -> 87.622156 | Y27: =鉄骨造!CL7 -> 156.42721 | Z27: =鉄骨造!CP7 -> 131.03049 | AA27: =鉄骨造!CT7 -> 126.47514 | AB27: =鉄骨造!CX7 -> 97.65635 | AC27: =鉄骨造!DB7 -> 118.58295 | AD27: =鉄骨造!DF7 -> 100.32282 | AE27: =鉄骨造!DJ7 -> 123.48189 | AF27: =鉄骨造!DN7 -> 118.63348 | AG27: =鉄骨造!DR7 -> 114.42435 | AH27: =鉄骨造!DV7 -> 100.74498 | AI27: =鉄骨造!DZ7 -> 99.682524 | AJ27: =鉄骨造!ED7 -> 143.9749 | AK27: =鉄骨造!EH7 -> 108.47989 | AL27: =鉄骨造!EL7 -> 139.88819 | AM27: =鉄骨造!EP7 -> 95.165272 | AN27: =鉄骨造!ET7 -> 108.82457 | AO27: =鉄骨造!EX7 -> 128.7777 | AP27: =鉄骨造!FB7 -> 151.30944 | AQ27: =鉄骨造!FF7 -> 113.79901 | AR27: =鉄骨造!FN7 -> 147.52208 | AS27: =鉄骨造!FN7 -> 147.52208
B28: 倉庫 | C28: =鉄骨造!F8 -> 38.858881 | E28: =鉄骨造!J8 -> 41.636841 | F28: =鉄骨造!N8 -> 44.742267 | G28: =鉄骨造!R8 -> 42.562811 | H28: =鉄骨造!V8 -> 44.884578 | I28: =鉄骨造!Z8 -> 42.670098 | J28: =鉄骨造!AD8 -> 47.236704 | K28: =鉄骨造!AH8 -> 51.116664 | L28: =鉄骨造!AL8 -> 47.878984 | M28: =鉄骨造!AP8 -> 47.015931 | N28: =鉄骨造!AT8 -> 55.14612 | O28: =鉄骨造!AX8 -> 47.184752 | P28: =鉄骨造!BB8 -> 48.922394 | Q28: =鉄骨造!BF8 -> 51.577581 | R28: =鉄骨造!BJ8 -> 47.701262 | S28: =鉄骨造!BN8 -> 52.868816 | T28: =鉄骨造!BR8 -> 47.642199 | U28: =鉄骨造!BV8 -> 50.015331 | V28: =鉄骨造!BZ8 -> 57.428835 | W28: =鉄骨造!CD8 -> 51.083973 | X28: =鉄骨造!CH8 -> 55.338994 | Y28: =鉄骨造!CL8 -> 61.717336 | Z28: =鉄骨造!CP8 -> 71.31457 | AA28: =鉄骨造!CT8 -> 60.852745 | AB28: =鉄骨造!CX8 -> 50.358282 | AC28: =鉄骨造!DB8 -> 52.333456 | AD28: =鉄骨造!DF8 -> 54.052998 | AE28: =鉄骨造!DJ8 -> 61.218105 | AF28: =鉄骨造!DN8 -> 60.991014 | AG28: =鉄骨造!DR8 -> 50.397552 | AH28: =鉄骨造!DV8 -> 55.599501 | AI28: =鉄骨造!DZ8 -> 56.084655 | AJ28: =鉄骨造!ED8 -> 83.015692 | AK28: =鉄骨造!EH8 -> 59.111655 | AL28: =鉄骨造!EL8 -> 52.650556 | AM28: =鉄骨造!EP8 -> 67.01138 | AN28: =鉄骨造!ET8 -> 62.401198 | AO28: =鉄骨造!EX8 -> 75.075963 | AP28: =鉄骨造!FB8 -> 66.988528 | AQ28: =鉄骨造!FF8 -> 58.921066 | AR28: =鉄骨造!FN8 -> 72.041597 | AS28: =鉄骨造!FN8 -> 72.041597
B29: 学校の校舎 | C29: =鉄骨造!F9 -> 77.88329 | E29: =鉄骨造!J9 -> 99.640249 | F29: =鉄骨造!N9 -> 58.597998 | G29: =鉄骨造!R9 -> 70.471622 | H29: =鉄骨造!V9 -> 99.750366 | I29: =鉄骨造!Z9 -> 112.15526 | J29: =鉄骨造!AD9 -> 84.731924 | K29: =鉄骨造!AH9 -> 90.699402 | L29: =鉄骨造!AL9 -> 125.0808 | M29: =鉄骨造!AP9 -> 75.965975 | N29: =鉄骨造!AT9 -> 83.795199 | O29: =鉄骨造!AX9 -> 113.1867 | P29: =鉄骨造!BB9 -> 83.657665 | Q29: =鉄骨造!BF9 -> 79.517837 | R29: =鉄骨造!BJ9 -> 108.56145 | S29: =鉄骨造!BN9 -> 62.092085 | T29: =鉄骨造!BR9 -> 87.246126 | U29: =鉄骨造!BV9 -> 87.092876 | V29: =鉄骨造!BZ9 -> 118.91972 | W29: =鉄骨造!CD9 -> 173.87564 | X29: =鉄骨造!CH9 -> 104.27225 | Y29: =鉄骨造!CL9 -> 87.138635 | Z29: =鉄骨造!CP9 -> 101.75187 | AA29: =鉄骨造!CT9 -> 138.58578 | AB29: =鉄骨造!CX9 -> 96.080665 | AC29: =鉄骨造!DB9 -> 136.06798 | AD29: =鉄骨造!DF9 -> 110.15615 | AE29: =鉄骨造!DJ9 -> 96.323284 | AF29: =鉄骨造!DN9 -> 105.65507 | AG29: =鉄骨造!DR9 -> 113.03382 | AH29: =鉄骨造!DV9 -> 93.441673 | AI29: =鉄骨造!DZ9 -> 130.69156 | AJ29: =鉄骨造!ED9 -> 99.911352 | AK29: =鉄骨造!EH9 -> 119.44784 | AL29: =鉄骨造!EL9 -> 179.89562 | AM29: =鉄骨造!EP9 -> 88.677184 | AN29: =鉄骨造!ET9 -> 77.944825 | AO29: =鉄骨造!EX9 -> 147.20557 | AP29: =鉄骨造!FB9 -> 113.68685 | AQ29: =鉄骨造!FF9 -> 131.18785 | AR29: =鉄骨造!FN9 -> 112.81794 | AS29: =鉄骨造!FN9 -> 112.81794
B30: 病院・診療所 | C30: =鉄骨造!F10 -> 96.16444 | E30: =鉄骨造!J10 -> 101.10213 | F30: =鉄骨造!N10 -> 106.4483 | G30: =鉄骨造!R10 -> 117.48157 | H30: =鉄骨造!V10 -> 127.65659 | I30: =鉄骨造!Z10 -> 109.89652 | J30: =鉄骨造!AD10 -> 122.69861 | K30: =鉄骨造!AH10 -> 119.12179 | L30: =鉄骨造!AL10 -> 138.93042 | M30: =鉄骨造!AP10 -> 110.48981 | N30: =鉄骨造!AT10 -> 117.99115 | O30: =鉄骨造!AX10 -> 143.25543 | P30: =鉄骨造!BB10 -> 113.01204 | Q30: =鉄骨造!BF10 -> 126.45661 | R30: =鉄骨造!BJ10 -> 151.28911 | S30: =鉄骨造!BN10 -> 120.3236 | T30: =鉄骨造!BR10 -> 138.69036 | U30: =鉄骨造!BV10 -> 169.71114 | V30: =鉄骨造!BZ10 -> 129.87791 | W30: =鉄骨造!CD10 -> 123.837 | X30: =鉄骨造!CH10 -> 168.93968 | Y30: =鉄骨造!CL10 -> 164.59982 | Z30: =鉄骨造!CP10 -> 147.55464 | AA30: =鉄骨造!CT10 -> 140.24449 | AB30: =鉄骨造!CX10 -> 118.28291 | AC30: =鉄骨造!DB10 -> 130.47079 | AD30: =鉄骨造!DF10 -> 138.64366 | AE30: =鉄骨造!DJ10 -> 161.49566 | AF30: =鉄骨造!DN10 -> 127.35373 | AG30: =鉄骨造!DR10 -> 204.55695 | AH30: =鉄骨造!DV10 -> 136.51192 | AI30: =鉄骨造!DZ10 -> 112.13362 | AJ30: =鉄骨造!ED10 -> 125.4506 | AK30: =鉄骨造!EH10 -> 191.46701 | AL30: =鉄骨造!EL10 -> 118.53503 | AM30: =鉄骨造!EP10 -> 222.75099 | AN30: =鉄骨造!ET10 -> 120.62824 | AO30: =鉄骨造!EX10 -> 119.0718 | AP30: =鉄骨造!FB10 -> 202.25763 | AQ30: =鉄骨造!FF10 -> 207.3954 | AR30: =鉄骨造!FN10 -> 168.21165 | AS30: =鉄骨造!FN10 -> 168.21165
B31: その他 | C31: =鉄骨造!F11 -> 64.308815 | E31: =鉄骨造!J11 -> 82.003804 | F31: =鉄骨造!N11 -> 79.347396 | G31: =鉄骨造!R11 -> 79.855402 | H31: =鉄骨造!V11 -> 83.894524 | I31: =鉄骨造!Z11 -> 105.78119 | J31: =鉄骨造!AD11 -> 80.928504 | K31: =鉄骨造!AH11 -> 97.877556 | L31: =鉄骨造!AL11 -> 91.838683 | M31: =鉄骨造!AP11 -> 94.680161 | N31: =鉄骨造!AT11 -> 83.529479 | O31: =鉄骨造!AX11 -> 83.123442 | P31: =鉄骨造!BB11 -> 79.645311 | Q31: =鉄骨造!BF11 -> 93.258246 | R31: =鉄骨造!BJ11 -> 77.705988 | S31: =鉄骨造!BN11 -> 80.594201 | T31: =鉄骨造!BR11 -> 100.48218 | U31: =鉄骨造!BV11 -> 103.30941 | V31: =鉄骨造!BZ11 -> 98.815002 | W31: =鉄骨造!CD11 -> 102.73703 | X31: =鉄骨造!CH11 -> 98.229801 | Y31: =鉄骨造!CL11 -> 104.81557 | Z31: =鉄骨造!CP11 -> 95.189996 | AA31: =鉄骨造!CT11 -> 105.79728 | AB31: =鉄骨造!CX11 -> 109.95922 | AC31: =鉄骨造!DB11 -> 114.6639 | AD31: =鉄骨造!DF11 -> 175.496 | AE31: =鉄骨造!DJ11 -> 135.39965 | AF31: =鉄骨造!DN11 -> 135.41602 | AG31: =鉄骨造!DR11 -> 108.71078 | AH31: =鉄骨造!DV11 -> 112.25171 | AI31: =鉄骨造!DZ11 -> 103.24897 | AJ31: =鉄骨造!ED11 -> 166.8358 | AK31: =鉄骨造!EH11 -> 120.10385 | AL31: =鉄骨造!EL11 -> 120.24692 | AM31: =鉄骨造!EP11 -> 103.51882 | AN31: =鉄骨造!ET11 -> 121.53232 | AO31: =鉄骨造!EX11 -> 100.86947 | AP31: =鉄骨造!FB11 -> 155.9167 | AQ31: =鉄骨造!FF11 -> 178.85597 | AR31: =鉄骨造!FN11 -> 209.65756 | AS31: =鉄骨造!FN11 -> 209.65756
A33: 鉄骨造
C34: 2015 | E34: R4.1 | F34: R4.2 | G34: R4.3 | H34: R4.4 | I34: R4.5 | J34: R4.6 | K34: R4.7 | L34: R4.8 | M34: R4.9 | N34: R4.10 | O34: R4.11 | P34: R4.12 | Q34: R5.1 | R34: R5.2 | S34: R5.3 | T34: R5.4 | U34: R5.5 | V34: R5.6 | W34: R5.7 | X34: R5.8 | Y34: R5.9 | Z34: R5.10 | AA34: R5.11 | AB34: R5.12 | AC34: R6.1 | AD34: R6.2 | AE34: R6.3 | AF34: R6.4 | AG34: R6.5 | AH34: R6.6 | AI34: R6.7 | AJ34: R6.8 | AK34: R6.9 | AL34: R6.10 | AM34: R6.11 | AN34: R6.12 | AO34: R7.1 | AP34: R7.2 | AQ34: R7.3 | AR34: R7.4 | AS34: R7.5 | AT34: R7.6 | AU34: R7.7 | AV34: R7.8 | AW34: R7.9 | AX34: R7.10 | AY34: R7.11 | AZ34: R7.12
C35: =鉄骨造!F18 -> 58.459019 | E35: =鉄骨造!J18 -> 124.44526 | F35: =鉄骨造!N18 -> 62.071333 | G35: =鉄骨造!R18 -> 99.722682 | H35: =鉄骨造!V18 -> 64.297792 | I35: =鉄骨造!Z18 -> 77.585962 | J35: =鉄骨造!AD18 -> 104.8012 | K35: =鉄骨造!AH18 -> 161.89041 | L35: =鉄骨造!AL18 -> 100.84292 | M35: =鉄骨造!AP18 -> 68.723149 | N35: =鉄骨造!AT18 -> 83.867371 | O35: =鉄骨造!AX18 -> 124.11787 | P35: =鉄骨造!BB18 -> 99.958534 | Q35: =鉄骨造!BF18 -> 84.37733 | R35: =鉄骨造!BJ18 -> 207.55228 | S35: =鉄骨造!BN18 -> 61.985404 | T35: =鉄骨造!BR18 -> 120.01508 | U35: =鉄骨造!BV18 -> 85.803093 | V35: =鉄骨造!BZ18 -> 139.14105 | W35: =鉄骨造!CD18 -> 145.00634 | X35: =鉄骨造!CH18 -> 136.13559 | Y35: =鉄骨造!CL18 -> 132.38335 | Z35: =鉄骨造!CP18 -> 126.23481 | AA35: =鉄骨造!CT18 -> 116.47564 | AB35: =鉄骨造!CX18 -> 176.84535 | AC35: =鉄骨造!DB18 -> 126.87037 | AD35: =鉄骨造!DF18 -> 141.20209 | AE35: =鉄骨造!DJ18 -> 152.96847 | AF35: =鉄骨造!DN18 -> 195.67941 | AG35: =鉄骨造!DR18 -> 77.781706 | AH35: =鉄骨造!DV18 -> 119.93117 | AI35: =鉄骨造!DZ18 -> 120.70577 | AJ35: =鉄骨造!ED18 -> 270.95893 | AK35: =鉄骨造!EH18 -> 132.29928 | AL35: =鉄骨造!EL18 -> 141.89436 | AM35: =鉄骨造!EP18 -> 63.663244 | AN35: =鉄骨造!ET18 -> 92.590453 | AO35: =鉄骨造!EX18 -> 110.89166 | AP35: =鉄骨造!FB18 -> 216.68624 | AQ35: =鉄骨造!FF18 -> 216.88064 | AR35: =鉄骨造!FJ18 -> 252.27029 | AS35: =鉄骨造!FN18 -> 149.20685 | AT35: =鉄骨造!FR18 -> 139.79641 | AU35: =鉄骨造!FV18 -> 121.52715 | AV35: =鉄骨造!FZ18 -> 190.94473 | AW35: =鉄骨造!GD18 -> 174.83696 | AX35: =鉄骨造!GH18 -> 129.88418 | AY35: =鉄骨造!GL18 -> 144.66366
B36: 指数化 | C36: 100 | D36: 建築物着工統計算出指数(S造/多用途建築物) | E36: =E35/$C$35*100 -> 212.87607 | F36: =F35/$C$35*100 -> 106.17922 | G36: =G35/$C$35*100 -> 170.58562 | H36: =H35/$C$35*100 -> 109.9878 | I36: =I35/$C$35*100 -> 132.71855 | J36: =J35/$C$35*100 -> 179.27293 | K36: =K35/$C$35*100 -> 276.92973 | L36: =L35/$C$35*100 -> 172.50189 | ... AY36: =AY35/$C$35*100 -> 247.46166
A38: 建築費指数
B39: 事務所 S造 | C39: 100 | D39: 建築費指数 | E39: 113.6 | F39: 113.7 | G39: 114.4 | H39: 115.5 | I39: 116.2 | J39: 118.3 | K39: 118.4 | L39: 120.3 | M39: 122.2 | N39: 122.8 | O39: 123.1 | P39: 124.1 | Q39: 124.3 | R39: 124.2 | S39: 124.4 | T39: 124.4 | U39: 124.5 | V39: 126.7 | W39: 126.6 | X39: 127 | Y39: 128.8 | Z39: 128.7 | AA39: 129.4 | AB39: 130.7 | AC39: 130.9 | AD39: 131 | AE39: 132 | AF39: 132.1 | AG39: 132.6 | AH39: 133.4 | AI39: 134.7 | AJ39: 134.8 | AK39: 135.7 | AL39: 135.3 | AM39: 135.2 | AN39: 136.9 | AO39: 137 | AP39: 137 | AQ39: 137.6 | AR39: 137.4 | AS39: 138 | AT39: 138.8 | AU39: 138.7 | AV39: 138.9 | AW39: 139.5 | AX39: 139.5 | AY39: 139.7 | AZ39: 140.7
A41: デフレーター
B42: S事務所・その他 | C42: 100 | D42: デフレーター | E42: 115.2 | F42: 115.6 | G42: 116.4 | H42: 117.5 | I42: 116.9 | J42: 119.5 | K42: 117.6 | L42: 118.9 | M42: 118.2 | N42: 120.1 | O42: 122 | P42: 121.2 | Q42: 121.1 | R42: 121.2 | S42: 122.2 | T42: 122.3 | U42: 122.1 | V42: 122.9 | W42: 123.3 | X42: 124 | Y42: 123.7 | Z42: 124.3 | AA42: 124.5 | AB42: 124.4 | AC42: 124.5 | AD42: 124.9 | AE42: 126.2 | AF42: 127.2 | AG42: 128.9 | AH42: 128.6 | AI42: 130.2 | AJ42: 128.8 | AK42: 129 | AL42: 129 | AM42: 130.8 | AN42: 131.6 | AO42: 129.8 | AP42: 131.4 | AQ42: 129.8 | AR42: 131.7 | AS42: 133.6 | AT42: 139 | AU42: 133.6 | AV42: 137.8 | AW42: 132.4 | AX42: 132.7 | AY42: 132

Sheet グラフ
